OBJECTID,DATE,Facility_Type,Allegany,Anne_Arundel,Baltimore,Baltimore_City,Calvert,Caroline,Carroll,Cecil,Charles,Dorchester,Frederick,Garrett,Harford,Howard,Kent,Montgomery,Prince_George_s,Queen_Anne_s,Somerset,St_Mary_s,Talbot,Washington,Wicomico,Worcester
55,4/29/2020 10:00,"Staff: Nursing, Assisted Living, Group Homes Affected Facilities",17,143,232,172,2,0,69,16,40,0,148,0,29,41,10,382,173,3,0,7,0,6,2,3
56,4/29/2020 10:00,"Residents: Nursing, Assisted Living, Group Homes Affected Facilities",73,273,526,490,0,0,203,53,113,0,203,0,82,117,57,717,296,0,0,12,0,6,6,3
57,4/29/2020 10:00,Staff: State and Local Affected Facilities,3,133,13,66,0,0,3,0,2,0,0,0,0,1,0,3,31,0,1,0,0,2,1,0
58,4/29/2020 10:00,Patients: State and Local Affected Facilities,0,0,28,0,0,0,0,0,1,0,0,0,0,0,0,0,19,0,0,0,0,0,0,0
59,4/29/2020 10:00,Inmates: State and Local Affected Facilities,0,52,0,4,0,0,0,0,0,0,0,0,0,0,0,0,0,0,0,0,0,1,0,0
60,4/29/2020 10:00,Youth: State and Local Affected Facilities,0,0,0,0,0,0,0,0,0,0,0,0,0,0,0,0,0,0,0,0,0,0,0,0
61,5/6/2020 10:00,"Staff: Nursing, Assisted Living, Group Homes Affected Facilities",25,169,299,220,3,0,70,15,49,1,161,0,42,43,14,512,245,4,0,8,0,5,4,6
62,5/6/2020 10:00,"Residents: Nursing, Assisted Living, Group Homes Affected Facilities",64,337,791,524,0,0,235,61,136,0,236,0,134,137,60,1000,542,0,0,15,0,11,31,9
63,5/6/2020 10:00,Staff: State and Local Affected Facilities,3,136,14,69,0,0,4,0,3,0,0,0,0,1,0,2,31,0,1,0,0,2,1,0
64,5/6/2020 10:00,Patients: State and Local Affected Facilities,0,0,36,0,0,0,0,0,1,0,0,0,0,0,0,0,19,0,0,0,0,0,0,0
65,5/6/2020 10:00,Inmates: State and Local Affected Facilities,0,55,0,4,0,0,0,0,0,0,0,0,0,0,0,0,0,0,0,0,0,1,0,0
66,5/6/2020 10:00,Youth: State and Local Affected Facilities,0,0,0,0,0,0,0,0,0,0,0,0,0,0,0,0,0,0,0,0,0,0,0,0
67,5/13/2020 10:00,"Staff: Nursing, Assisted Living, Group Homes Affected Facilities",31,173,396,272,0,0,44,15,56,2,161,0,57,51,15,603,289,4,0,15,0,5,13,7
68,5/13/2020 10:00,"Residents: Nursing, Assisted Living, Group Homes Affected Facilities",81,394,1047,656,0,0,172,86,133,0,279,0,169,140,76,1333,622,0,0,56,0,19,42,24
69,5/13/2020 10:00,Staff: State and Local Affected Facilities,3,155,17,91,0,0,7,0,3,3,0,0,0,14,0,2,33,0,5,1,0,0,1,0
70,5/13/2020 10:00,Patients: State and Local Affected Facilities,0,0,43,0,0,0,0,0,1,0,0,0,0,15,0,0,19,0,0,0,0,0,0,0
71,5/13/2020 10:00,Inmates: State and Local Affected Facilities,0,71,0,7,0,0,1,0,0,0,0,0,0,0,0,0,0,0,0,0,0,1,0,0
72,5/13/2020 10:00,Youth: State and Local Affected Facilities,0,0,0,0,0,0,0,0,0,0,0,0,0,0,0,0,0,0,0,0,0,0,0,0
73,5/20/2020 10:00,"Staff: Nursing, Assisted Living, Group Homes Affected Facilities",31,186,479,321,0,0,72,17,23,2,154,0,58,56,17,657,347,5,0,51,1,7,14,21
74,5/20/2020 10:00,"Residents: Nursing, Assisted Living, Group Homes Affected Facilities",81,459,1142,727,0,1,224,112,45,0,262,0,173,146,82,1449,798,2,1,94,0,26,70,45
75,5/20/2020 10:00,Staff: State and Local Affected Facilities,3,166,23,98,0,0,9,0,0,3,1,0,0,16,0,2,35,0,5,2,0,4,1,0
76,5/20/2020 10:00,Patients: State and Local Affected Facilities,1,0,49,0,0,0,1,0,0,0,0,0,0,15,0,0,19,0,0,0,0,0,0,0
77,5/20/2020 10:00,Inmates: State and Local Affected Facilities,0,74,0,26,0,0,1,0,0,0,0,0,0,0,0,0,0,0,0,0,0,1,0,0
78,5/20/2020 10:00,Youth: State and Local Affected Facilities,0,0,0,0,0,0,0,0,0,0,0,0,0,0,0,0,0,0,0,0,0,0,0,0
79,5/27/2020 10:00,"Staff: Nursing, Assisted Living, Group Homes Affected Facilities",35,220,563,385,0,0,90,17,28,3,168,3,62,71,22,725,388,6,0,56,1,11,50,25
80,5/27/2020 10:00,"Residents: Nursing, Assisted Living, Group Homes Affected Facilities",88,444,1247,829,0,1,247,112,45,0,270,4,174,163,87,1476,905,7,1,124,2,32,87,57
81,5/27/2020 10:00,Staff: State and Local Affected Facilities,3,178,24,103,0,0,19,0,0,3,1,0,0,18,0,1,36,0,5,2,0,5,0,0
82,5/27/2020 10:00,Patients: State and Local Affected Facilities,1,0,50,0,0,0,4,0,0,0,0,0,0,15,0,0,20,0,0,0,0,0,0,0
83,5/27/2020 10:00,Inmates: State and Local Affected Facilities,0,107,0,34,0,0,3,0,0,0,0,0,0,0,0,0,0,0,0,0,0,1,0,0
84,5/27/2020 10:00,Youth: State and Local Affected Facilities,0,0,0,2,0,0,0,0,0,0,0,0,0,0,0,0,0,0,0,0,0,0,0,0
85,6/3/2020 10:00,"Staff: Nursing, Assisted Living, Group Homes Affected Facilities",37,148,638,453,3,0,97,17,28,5,191,3,32,97,23,786,467,12,0,84,2,18,41,28
86,6/3/2020 10:00,"Residents: Nursing, Assisted Living, Group Homes Affected Facilities",91,335,1300,805,1,1,284,112,45,3,281,4,85,201,94,1536,1013,12,1,198,4,48,90,64
87,6/3/2020 10:00,Staff: State and Local Affected Facilities,3,229,6,111,0,0,32,0,0,3,0,0,0,3,0,1,36,0,3,2,0,10,0,3
88,6/3/2020 10:00,Patients: State and Local Affected Facilities,1,0,8,0,0,0,5,0,0,0,0,0,0,0,0,0,24,0,0,0,0,0,0,0
89,6/3/2020 10:00,Inmates: State and Local Affected Facilities,0,137,0,48,0,0,7,0,0,0,0,0,0,0,0,0,0,0,0,0,0,1,0,0
90,6/3/2020 10:00,Youth: State and Local Affected Facilities,0,0,0,0,0,0,0,0,0,0,0,0,0,0,0,0,0,0,0,0,0,0,0,0
91,6/10/2020 10:00,"Staff: Nursing, Assisted Living, Group Homes Affected Facilities",38,131,726,447,3,0,121,28,24,8,177,3,0,117,13,738,423,17,1,90,3,28,47,31
92,6/10/2020 10:00,"Residents: Nursing, Assisted Living, Group Homes Affected Facilities",97,342,1387,851,1,1,311,101,44,5,251,4,0,231,38,1279,929,14,0,201,5,58,100,67
93,6/10/2020 10:00,Staff: State and Local Affected Facilities,3,232,7,130,0,0,33,0,0,0,0,0,0,3,0,0,36,0,3,2,0,11,0,10
94,6/10/2020 10:00,Patients: State and Local Affected Facilities,1,0,8,0,0,0,5,0,0,0,0,0,0,0,0,0,24,0,0,0,0,0,0,0
95,6/10/2020 10:00,Inmates: State and Local Affected Facilities,0,181,0,51,0,0,7,0,0,0,0,0,0,0,0,0,0,0,0,0,0,2,0,0
96,6/10/2020 10:00,Youth: State and Local Affected Facilities,0,0,0,0,0,0,0,0,0,0,0,0,0,0,0,0,0,0,0,0,0,0,0,0
97,6/17/2020 10:00,"Staff: Nursing, Assisted Living, Group Homes Affected Facilities",36,126,610,444,0,0,150,29,55,6,188,3,1,94,14,679,205,20,0,86,3,11,45,31
98,6/17/2020 10:00,"Residents: Nursing, Assisted Living, Group Homes Affected Facilities",88,326,1164,804,0,0,365,101,141,8,263,4,0,211,39,1145,527,38,0,201,5,30,104,67
99,6/17/2020 10:00,Staff: State and Local Affected Facilities,3,231,7,137,0,0,34,0,0,0,0,0,0,0,0,0,37,0,3,2,0,13,0,10
100,6/17/2020 10:00,Patients: State and Local Affected Facilities,0,0,8,0,0,0,5,0,0,0,0,0,0,0,0,0,24,0,0,0,0,0,0,0
101,6/17/2020 10:00,Inmates: State and Local Affected Facilities,1,326,0,58,0,0,7,0,0,0,0,0,0,0,0,0,0,0,4,0,0,2,0,0
102,6/17/2020 10:00,Youth: State and Local Affected Facilities,0,0,0,0,0,0,0,0,0,0,0,0,0,0,0,0,0,0,0,0,0,0,0,0
103,6/24/2020 10:00,"Staff: Nursing, Assisted Living, Group Homes Affected Facilities",36,97,499,347,0,0,104,0,52,9,114,0,0,56,13,544,131,25,0,92,2,27,46,35
104,6/24/2020 10:00,"Residents: Nursing, Assisted Living, Group Homes Affected Facilities",88,244,931,660,0,0,293,0,141,8,146,0,0,104,41,944,327,43,0,205,5,64,133,68
105,6/24/2020 10:00,Staff: State and Local Affected Facilities,4,234,8,147,0,0,36,0,0,0,0,0,0,0,0,0,37,0,3,2,0,9,0,0
106,6/24/2020 10:00,Patients: State and Local Affected Facilities,0,0,8,0,0,0,5,0,0,0,0,0,0,0,0,0,24,0,0,0,0,0,0,0
107,6/24/2020 10:00,Inmates: State and Local Affected Facilities,4,340,0,90,0,0,47,0,0,0,0,0,0,0,0,0,0,0,5,0,0,12,0,0
108,6/24/2020 10:00,Youth: State and Local Affected Facilities,0,0,0,0,0,0,0,0,0,0,0,0,0,0,0,0,0,0,0,0,0,0,0,0
109,7/1/2020 10:00,"Staff: Nursing, Assisted Living, Group Homes Affected Facilities",36,109,418,310,0,0,104,0,15,9,94,0,1,59,13,475,123,26,0,97,3,27,7,35
110,7/1/2020 10:00,"Residents: Nursing, Assisted Living, Group Homes Affected Facilities",88,243,718,586,0,0,293,0,34,8,143,0,0,121,41,801,288,46,0,205,5,70,25,68
111,7/1/2020 10:00,Staff: State and Local Affected Facilities,5,235,6,170,0,0,37,0,0,0,0,0,0,17,0,0,37,0,3,2,0,11,0,0
112,7/1/2020 10:00,Patients: State and Local Affected Facilities,0,0,8,0,0,0,7,0,0,0,0,0,0,21,0,0,24,0,0,0,0,0,0,0
113,7/1/2020 10:00,Inmates: State and Local Affected Facilities,12,361,0,108,0,0,58,0,0,0,0,0,0,0,0,0,0,0,5,0,0,39,0,0
114,7/1/2020 10:00,Youth: State and Local Affected Facilities,0,0,0,0,0,0,0,0,0,0,0,0,0,0,0,0,0,0,0,0,0,0,0,0
115,7/8/2020 10:00,"Staff: Nursing, Assisted Living, Group Homes Affected Facilities",36,51,427,268,0,0,60,0,52,9,98,8,3,74,14,361,127,26,0,0,3,23,45,36
116,7/8/2020 10:00,"Residents: Nursing, Assisted Living, Group Homes Affected Facilities",88,115,721,449,0,0,178,0,120,8,191,4,1,139,44,593,292,52,0,0,5,67,108,68
117,7/8/2020 10:00,Staff: State and Local Affected Facilities,5,236,7,175,0,0,20,0,0,0,0,0,0,27,0,0,37,0,0,0,0,11,0,0
118,7/8/2020 10:00,Patients: State and Local Affected Facilities,0,0,8,0,0,0,0,0,0,0,0,0,0,37,0,0,24,0,0,0,0,0,0,0
119,7/8/2020 10:00,Inmates: State and Local Affected Facilities,0,364,144,144,0,0,60,0,0,0,0,0,0,0,0,0,0,0,0,0,0,40,0,0
120,7/8/2020 10:00,Youth: State and Local Affected Facilities,0,0,0,0,0,0,0,0,0,0,0,0,0,0,0,0,0,0,0,0,0,0,0,0
145,7/15/2020 10:00,"Staff: Nursing, Assisted Living, Group Homes Affected Facilities",36,57,535,225,0,1,42,0,52,10,107,10,33,98,14,457,116,26,0,0,3,31,50,36
146,7/15/2020 10:00,"Residents: Nursing, Assisted Living, Group Homes Affected Facilities",88,158,931,487,0,0,164,0,122,9,197,6,88,147,44,676,269,49,0,0,5,70,120,68
147,7/15/2020 10:00,Staff: State and Local Affected Facilities,5,240,9,179,0,0,20,0,0,0,0,0,0,28,0,0,0,0,0,0,0,17,0,0
148,7/15/2020 10:00,Patients: State and Local Affected Facilities,0,0,8,0,0,0,0,0,0,0,0,0,0,41,0,0,0,0,0,0,0,0,0,0
149,7/15/2020 10:00,Inmates: State and Local Affected Facilities,0,364,146,146,0,0,60,0,0,0,0,0,0,0,0,0,0,0,0,0,0,40,0,0
150,7/15/2020 10:00,Youth: State and Local Affected Facilities,0,0,1,5,0,0,0,0,0,0,0,0,0,0,0,0,0,0,0,0,0,0,0,0
157,7/22/2020 10:00,"Staff: Nursing, Assisted Living, Group Homes Affected Facilities",1,149,655,474,0,1,89,1,67,10,107,10,32,96,14,544,282,26,0,0,5,34,50,36
158,7/22/2020 10:00,"Residents: Nursing, Assisted Living, Group Homes Affected Facilities",0,272,1020,782,0,0,231,0,130,9,199,6,88,153,48,863,602,49,0,0,5,70,121,68
159,7/22/2020 10:00,Staff: State and Local Affected Facilities,5,241,27,189,0,0,40,0,0,1,0,0,0,27,0,4,0,0,0,0,0,17,0,0
160,7/22/2020 10:00,Patients: State and Local Affected Facilities,0,0,52,0,0,0,7,0,0,0,0,0,0,41,0,0,0,0,0,0,0,0,0,0
161,7/22/2020 10:00,Inmates: State and Local Affected Facilities,0,366,155,155,0,0,60,0,0,0,0,0,0,0,0,0,0,0,0,0,0,40,0,0
162,7/22/2020 10:00,Youth: State and Local Affected Facilities,0,0,1,6,0,0,0,0,0,0,0,0,0,0,0,0,3,0,0,0,0,0,0,0
163,7/29/2020 10:00,"Staff: Nursing, Assisted Living, Group Homes Affected Facilities",41,201,746,678,1,0,119,2,72,0,112,10,38,127,14,548,328,30,0,0,6,15,47,3
164,7/29/2020 10:00,"Residents: Nursing, Assisted Living, Group Homes Affected Facilities",88,360,1212,1072,0,0,278,0,139,0,178,6,90,183,49,816,689,49,0,0,5,3,97,0
165,7/29/2020 10:00,Staff: State and Local Affected Facilities,7,248,33,202,0,0,41,0,0,1,0,0,0,31,0,4,43,0,0,0,0,18,0,0
166,7/29/2020 10:00,Patients: State and Local Affected Facilities,0,0,52,0,0,0,7,0,0,1,0,0,0,43,0,0,27,0,0,0,0,0,0,0
167,7/29/2020 10:00,Inmates: State and Local Affected Facilities,0,367,159,159,0,0,60,0,0,0,0,0,0,0,0,0,0,0,0,0,0,44,0,0
168,7/29/2020 10:00,Youth: State and Local Affected Facilities,0,0,8,8,0,0,0,0,0,0,0,0,0,0,0,0,4,0,0,0,0,0,0,0
181,8/5/2020 10:00,"Staff: Nursing, Assisted Living, Group Homes Affected Facilities",41,152,791,627,5,0,47,4,77,0,198,10,74,133,0,570,406,0,0,0,5,10,46,4
182,8/5/2020 10:00,"Residents: Nursing, Assisted Living, Group Homes Affected Facilities",89,262,1261,910,1,0,168,0,140,0,302,6,180,168,0,815,834,0,0,0,8,3,97,1
183,8/5/2020 10:00,Staff: State and Local Affected Facilities,7,263,34,207,0,0,42,0,0,1,0,0,0,35,0,4,43,0,0,0,0,13,0,0
184,8/5/2020 10:00,Patients: State and Local Affected Facilities,0,0,52,0,0,0,7,1,0,1,0,0,0,44,0,0,27,0,0,0,0,0,0,0
185,8/5/2020 10:00,Inmates: State and Local Affected Facilities,0,367,172,172,0,0,60,0,0,0,0,0,0,0,0,0,0,0,0,0,0,44,0,0
186,8/5/2020 10:00,Youth: State and Local Affected Facilities,0,0,0,0,0,0,0,0,0,0,0,0,0,0,0,0,0,0,0,0,0,0,0,0
211,8/12/2020 10:00,"Staff: Nursing, Assisted Living, Group Homes Affected Facilities",3,164,837,733,3,0,18,34,7,0,144,21,76,183,0,502,151,0,0,0,10,9,46,2
212,8/12/2020 10:00,"Residents: Nursing, Assisted Living, Group Homes Affected Facilities",1,342,1327,1112,1,0,123,101,1,0,199,10,179,250,0,753,262,0,0,0,9,0,97,5
213,8/12/2020 10:00,Staff: State and Local Affected Facilities,6,272,41,245,0,0,44,0,0,0,2,0,0,35,0,0,43,0,0,0,0,13,0,0
214,8/12/2020 10:00,Patients: State and Local Affected Facilities,0,0,53,0,0,0,7,0,0,0,0,0,0,44,0,0,27,0,0,0,0,0,0,0
215,8/12/2020 10:00,Inmates: State and Local Affected Facilities,0,368,188,188,0,0,60,0,0,0,0,0,0,0,0,0,0,0,0,0,0,44,0,0
216,8/12/2020 10:00,Youth: State and Local Affected Facilities,0,0,0,0,0,0,0,0,0,0,0,0,0,0,0,0,0,0,0,0,0,0,0,0
235,8/19/2020 10:00,"Staff: Nursing, Assisted Living, Group Homes Affected Facilities",3,125,776,551,0,0,24,33,35,0,125,18,8,136,0,482,211,31,0,0,13,36,47,9
236,8/19/2020 10:00,"Residents: Nursing, Assisted Living, Group Homes Affected Facilities",1,203,1246,853,0,0,76,101,29,0,174,10,3,238,0,768,320,49,0,0,12,67,98,10
237,8/19/2020 10:00,Staff: State and Local Affected Facilities,6,249,47,285,0,1,44,0,0,0,5,0,0,28,0,5,43,0,0,0,0,15,0,0
238,8/19/2020 10:00,Patients: State and Local Affected Facilities,0,0,53,1,0,0,7,0,0,0,0,0,0,41,0,0,27,0,0,0,0,0,0,0
239,8/19/2020 10:00,Inmates: State and Local Affected Facilities,0,370,196,196,0,0,60,0,0,0,0,0,0,0,0,0,0,0,0,0,0,44,0,0
240,8/19/2020 10:00,Youth: State and Local Affected Facilities,0,0,0,0,0,0,0,0,0,0,0,0,0,0,0,0,0,0,0,0,0,0,0,0
241,8/26/2020 10:00,"Staff: Nursing, Assisted Living, Group Homes Affected Facilities",3,134,663,504,0,0,8,31,18,0,133,23,8,118,4,543,330,31,0,0,14,36,48,22
242,8/26/2020 10:00,"Residents: Nursing, Assisted Living, Group Homes Affected Facilities",1,216,990,735,0,0,9,101,35,0,175,10,1,194,0,858,607,49,0,0,12,68,98,22
243,8/26/2020 10:00,Staff: State and Local Affected Facilities,7,265,49,294,0,2,45,0,0,0,8,0,0,29,0,0,43,0,0,0,0,20,0,12
244,8/26/2020 10:00,Patients: State and Local Affected Facilities,0,0,55,1,0,0,7,0,0,0,0,0,0,41,0,0,27,0,0,0,0,0,0,0
245,8/26/2020 10:00,Inmates: State and Local Affected Facilities,0,371,204,204,0,0,60,0,0,0,0,0,0,0,0,0,0,0,0,0,0,44,0,0
246,8/26/2020 10:00,Youth: State and Local Affected Facilities,0,0,0,0,0,0,0,0,0,0,0,0,0,0,0,0,0,0,0,0,0,0,0,0
247,8/26/2020 10:00,"Staff: Nursing, Assisted Living, Group Homes Affected Facilities",3,134,663,504,0,0,8,31,18,0,133,23,8,118,4,542,330,31,0,0,14,36,48,22
248,8/26/2020 10:00,"Residents: Nursing, Assisted Living, Group Homes Affected Facilities",1,216,990,735,0,0,9,101,35,0,175,10,1,194,0,858,607,49,0,0,12,68,98,22
249,8/26/2020 10:00,Staff: State and Local Affected Facilities,7,265,49,294,0,2,45,0,0,0,8,0,0,29,0,0,43,0,0,0,0,20,0,12
250,8/26/2020 10:00,Patients: State and Local Affected Facilities,0,0,55,1,0,0,7,0,0,0,0,0,0,41,0,0,27,0,0,0,0,0,0,0
251,8/26/2020 10:00,Inmates: State and Local Affected Facilities,0,371,204,204,0,0,60,0,0,0,0,0,0,0,0,0,0,0,0,0,0,44,0,0
252,8/26/2020 10:00,Youth: State and Local Affected Facilities,0,0,0,0,0,0,0,0,0,0,0,0,0,0,0,0,0,0,0,0,0,0,0,0
253,9/2/2020 10:00,"Staff: Nursing, Assisted Living, Group Homes Affected Facilities",2,138,542,618,4,2,15,31,25,12,72,23,79,86,5,606,255,0,0,0,15,45,49,21
254,9/2/2020 10:00,"Residents: Nursing, Assisted Living, Group Homes Affected Facilities",0,272,798,930,0,6,91,101,39,10,111,10,181,152,0,983,410,0,0,0,12,69,99,29
255,9/2/2020 10:00,Staff: State and Local Affected Facilities,7,266,52,293,0,2,20,0,0,0,8,0,0,29,1,0,43,0,0,0,0,35,0,12
256,9/2/2020 10:00,Patients: State and Local Affected Facilities,0,0,57,0,0,2,0,0,0,0,0,0,0,41,0,0,27,0,0,0,0,0,0,1
257,9/2/2020 10:00,Inmates: State and Local Affected Facilities,0,372,207,207,0,0,60,0,0,0,0,0,0,0,0,0,0,0,0,0,0,45,0,0
258,9/2/2020 10:00,Youth: State and Local Affected Facilities,0,0,0,0,0,0,0,0,0,0,0,0,0,0,0,0,0,0,0,0,0,0,0,0
259,09/09/0200 09:03:58 AM,"Staff: Nursing, Assisted Living, Group Homes Affected Facilities",2,92,633,593,8,19,14,0,27,14,92,0,53,136,5,574,196,0,0,0,18,47,49,55
260,09/09/0200 09:03:58 AM,"Residents: Nursing, Assisted Living, Group Homes Affected Facilities",0,190,870,873,1,33,91,0,40,18,127,0,98,167,0,763,291,0,0,0,13,68,99,100
261,09/09/0200 09:03:58 AM,Staff: State and Local Affected Facilities,8,293,53,302,0,3,20,0,0,0,8,0,0,0,1,0,43,0,0,0,0,44,4,12
262,09/09/0200 09:03:58 AM,Patients: State and Local Affected Facilities,0,0,60,0,0,2,0,0,0,0,0,0,0,0,0,0,27,0,0,0,0,0,0,1
263,09/09/0200 09:03:58 AM,Inmates: State and Local Affected Facilities,0,373,218,218,0,0,60,0,0,0,0,0,0,0,0,0,0,0,0,0,0,64,0,0
264,09/09/0200 09:03:58 AM,Youth: State and Local Affected Facilities,0,0,0,0,0,0,0,0,0,0,0,0,0,0,0,0,0,0,0,0,0,0,0,0
265,09/09/0200 09:03:58 AM,"Staff: Nursing, Assisted Living, Group Homes Affected Facilities",2,92,633,593,8,19,14,0,27,14,92,0,53,136,5,574,196,0,0,0,18,47,49,55
266,09/09/0200 09:03:58 AM,"Residents: Nursing, Assisted Living, Group Homes Affected Facilities",0,190,870,873,1,33,91,0,40,18,127,0,98,167,0,763,291,0,0,0,13,68,99,100
267,09/09/0200 09:03:58 AM,Staff: State and Local Affected Facilities,8,293,53,302,0,3,20,0,0,0,8,0,0,0,1,0,43,0,0,0,0,44,4,12
268,09/09/0200 09:03:58 AM,Patients: State and Local Affected Facilities,0,0,60,0,0,2,0,0,0,0,0,0,0,0,0,0,27,0,0,0,0,0,0,1
269,09/09/0200 09:03:58 AM,Inmates: State and Local Affected Facilities,0,373,218,218,0,0,60,0,0,0,0,0,0,0,0,0,0,0,0,0,0,64,0,0
270,09/09/0200 09:03:58 AM,Youth: State and Local Affected Facilities,0,0,0,0,0,0,0,0,0,0,0,0,0,0,0,0,0,0,0,0,0,0,0,0
271,09/09/0200 09:03:58 AM,"Staff: Nursing, Assisted Living, Group Homes Affected Facilities",2,92,633,593,8,19,14,0,27,14,92,0,53,136,5,610,196,0,0,0,18,47,49,55
272,09/09/0200 09:03:58 AM,"Residents: Nursing, Assisted Living, Group Homes Affected Facilities",0,190,870,873,1,33,91,0,40,18,127,0,98,167,0,844,291,0,0,0,13,68,99,100
273,09/09/0200 09:03:58 AM,Staff: State and Local Affected Facilities,8,293,53,302,0,3,20,0,0,0,8,0,0,0,1,0,43,0,0,0,0,44,4,12
274,09/09/0200 09:03:58 AM,Patients: State and Local Affected Facilities,0,0,60,0,0,2,0,0,0,0,0,0,0,0,0,0,27,0,0,0,0,0,0,1
275,09/09/0200 09:03:58 AM,Inmates: State and Local Affected Facilities,0,373,218,218,0,0,60,0,0,0,0,0,0,0,0,0,0,0,0,0,0,64,0,0
276,09/09/0200 09:03:58 AM,Youth: State and Local Affected Facilities,0,0,0,0,0,0,0,0,0,0,0,0,0,0,0,0,0,0,0,0,0,0,0,0
277,9/16/2020 10:00,"Staff: Nursing, Assisted Living, Group Homes Affected Facilities",7,227,600,593,0,23,63,5,29,14,130,4,88,137,7,584,101,0,0,0,3,19,1,56
278,9/16/2020 10:00,"Residents: Nursing, Assisted Living, Group Homes Affected Facilities",11,371,762,801,0,45,185,0,42,25,188,0,190,207,0,813,187,0,0,0,1,2,1,101
279,9/16/2020 10:00,Staff: State and Local Affected Facilities,8,299,57,310,0,3,20,1,0,0,9,0,0,0,0,0,43,0,0,0,0,48,4,14
280,9/16/2020 10:00,Patients: State and Local Affected Facilities,0,0,62,0,0,2,0,1,0,0,0,0,0,0,0,0,27,0,0,0,0,0,0,1
281,9/16/2020 10:00,Inmates: State and Local Affected Facilities,0,379,226,226,0,0,60,0,0,0,0,0,0,0,0,0,0,0,0,0,0,84,0,0
282,9/16/2020 10:00,Youth: State and Local Affected Facilities,0,0,0,0,0,0,0,0,0,0,0,0,0,0,0,0,0,0,0,0,0,0,0,0
283,9/16/2020 10:00,"Staff: Nursing, Assisted Living, Group Homes Affected Facilities",7,227,600,593,0,23,63,5,29,14,130,4,88,137,7,584,101,0,0,0,3,19,1,56
284,9/16/2020 10:00,"Residents: Nursing, Assisted Living, Group Homes Affected Facilities",11,371,762,753,0,45,185,0,42,25,188,0,190,207,0,813,187,0,0,0,1,2,1,101
285,9/16/2020 10:00,Staff: State and Local Affected Facilities,8,299,57,310,0,3,20,1,0,0,9,0,0,0,0,0,43,0,0,0,0,48,4,14
286,9/16/2020 10:00,Patients: State and Local Affected Facilities,0,0,62,0,0,2,0,1,0,0,0,0,0,0,0,0,27,0,0,0,0,0,0,1
287,9/16/2020 10:00,Inmates: State and Local Affected Facilities,0,379,226,226,0,0,60,0,0,0,0,0,0,0,0,0,0,0,0,0,0,84,0,0
288,9/16/2020 10:00,Youth: State and Local Affected Facilities,0,0,0,0,0,0,0,0,0,0,0,0,0,0,0,0,0,0,0,0,0,0,0,0
289,9/16/2020 10:00,"Staff: Nursing, Assisted Living, Group Homes Affected Facilities",7,227,600,593,0,23,63,5,29,14,130,4,88,137,7,584,101,0,0,0,3,19,1,56
290,9/16/2020 10:00,"Residents: Nursing, Assisted Living, Group Homes Affected Facilities",11,371,762,753,0,45,185,0,42,25,188,0,190,207,0,813,187,0,0,0,1,2,1,101
291,9/16/2020 10:00,Staff: State and Local Affected Facilities,8,299,57,310,0,3,20,1,0,0,9,0,0,0,0,0,43,0,0,0,0,48,4,14
292,9/16/2020 10:00,Patients: State and Local Affected Facilities,0,0,62,0,0,2,0,1,0,0,0,0,0,0,0,0,27,0,0,0,0,0,0,1
293,9/16/2020 10:00,Inmates: State and Local Affected Facilities,0,379,226,226,0,0,60,0,0,0,0,0,0,0,0,0,0,0,0,0,0,84,0,0
294,9/16/2020 10:00,Youth: State and Local Affected Facilities,0,0,0,0,0,0,0,0,0,0,0,0,0,0,0,0,0,0,0,0,0,0,0,0
295,9/16/2020 10:00,"Staff: Nursing, Assisted Living, Group Homes Affected Facilities",7,227,600,593,0,23,63,5,29,14,130,4,88,137,7,584,101,0,0,0,3,19,1,56
296,9/16/2020 10:00,"Residents: Nursing, Assisted Living, Group Homes Affected Facilities",11,371,762,753,0,45,185,0,42,25,188,0,190,207,0,813,187,0,0,0,1,2,1,101
297,9/16/2020 10:00,Staff: State and Local Affected Facilities,8,299,57,310,0,3,20,1,0,0,9,0,0,0,0,0,43,0,0,0,0,48,4,14
298,9/16/2020 10:00,Patients: State and Local Affected Facilities,0,0,62,0,0,2,0,1,0,0,0,0,0,0,0,0,27,0,0,0,0,0,0,1
299,9/16/2020 10:00,Inmates: State and Local Affected Facilities,0,379,226,226,0,0,60,0,0,0,0,0,0,0,0,0,0,0,0,0,0,84,0,0
300,9/16/2020 10:00,Youth: State and Local Affected Facilities,0,0,0,0,0,0,0,0,0,0,0,0,0,0,0,0,0,0,0,0,0,0,0,0
319,9/23/2020 10:00,"Staff: Nursing, Assisted Living, Group Homes Affected Facilities",6,244,402,555,0,23,49,5,30,16,137,4,54,137,0,642,121,0,0,0,4,23,1,25
320,9/23/2020 10:00,"Residents: Nursing, Assisted Living, Group Homes Affected Facilities",11,391,582,704,0,45,94,0,41,26,196,0,100,228,0,808,181,0,0,0,1,7,1,32
321,9/23/2020 10:00,Staff: State and Local Affected Facilities,8,301,58,314,0,0,21,1,0,0,10,0,0,31,0,0,43,0,0,0,0,57,4,14
322,9/23/2020 10:00,Patients: State and Local Affected Facilities,0,0,62,0,0,0,0,1,0,0,0,0,0,41,0,0,27,0,0,0,0,1,0,1
323,9/23/2020 10:00,Inmates: State and Local Affected Facilities,0,381,243,243,0,0,60,0,0,0,0,0,0,0,0,0,0,0,0,0,0,122,0,0
324,9/23/2020 10:00,Youth: State and Local Affected Facilities,0,0,0,0,0,0,0,0,0,0,0,0,0,0,0,0,0,0,0,0,0,0,0,0
325,9/30/2020 10:00,"Staff: Nursing, Assisted Living, Group Homes Affected Facilities",3,215,191,360,0,0,53,42,14,16,139,4,45,157,0,417,242,0,0,0,2,20,51,64
326,9/30/2020 10:00,"Residents: Nursing, Assisted Living, Group Homes Affected Facilities",0,341,287,489,0,0,102,101,11,26,196,0,101,213,0,586,367,0,0,0,0,9,100,102
327,9/30/2020 10:00,Staff: State and Local Affected Facilities,8,304,36,316,0,0,21,0,0,0,9,0,0,33,0,1,45,0,0,0,0,74,4,14
328,9/30/2020 10:00,Patients: State and Local Affected Facilities,0,0,45,0,0,0,0,0,0,0,0,0,0,41,0,0,27,0,0,0,0,1,0,1
329,9/30/2020 10:00,Inmates: State and Local Affected Facilities,0,384,247,247,0,0,60,0,0,0,0,0,0,0,0,0,0,0,0,0,0,177,0,0
330,9/30/2020 10:00,Youth: State and Local Affected Facilities,0,0,0,0,0,0,0,0,0,0,0,0,0,0,0,0,0,0,0,0,0,0,0,0
331,10/7/2020 10:00,"Staff: Nursing, Assisted Living, Group Homes Affected Facilities",3,221,266,471,0,0,36,32,50,0,107,0,39,2,0,504,209,5,0,0,0,23,52,2
332,10/7/2020 10:00,"Residents: Nursing, Assisted Living, Group Homes Affected Facilities",0,411,451,625,0,0,58,101,67,0,130,0,92,6,0,525,392,0,0,0,0,13,100,0
333,10/7/2020 10:00,Staff: State and Local Affected Facilities,8,309,283,283,0,0,21,4,0,0,0,0,0,36,0,1,45,0,0,0,0,80,4,14
334,10/7/2020 10:00,Patients: State and Local Affected Facilities,0,0,0,0,0,0,0,1,0,0,0,0,0,41,0,0,27,0,0,0,0,1,0,1
335,10/7/2020 10:00,Inmates: State and Local Affected Facilities,0,386,250,250,0,0,60,0,0,0,0,0,0,0,0,0,0,0,0,0,0,219,0,0
336,10/7/2020 10:00,Youth: State and Local Affected Facilities,0,0,0,0,0,0,0,0,0,0,0,0,0,0,0,0,0,0,0,0,0,0,0,0
337,10/14/2020 10:00,"Staff: Nursing, Assisted Living, Group Homes Affected Facilities",3,256,492,378,0,0,37,42,61,4,69,0,12,106,1,604,216,38,0,0,10,25,52,3
338,10/14/2020 10:00,"Residents: Nursing, Assisted Living, Group Homes Affected Facilities",0,426,718,501,0,0,59,101,69,4,76,0,1,179,0,661,324,49,0,0,1,14,100,3
339,10/14/2020 10:00,Staff: State and Local Affected Facilities,9,311,284,284,0,0,21,7,0,0,0,0,0,36,0,0,45,0,0,0,0,79,0,14
340,10/14/2020 10:00,Patients: State and Local Affected Facilities,0,0,0,0,0,0,0,11,0,0,0,0,0,41,0,0,27,0,0,0,0,0,0,1
341,10/14/2020 10:00,Inmates: State and Local Affected Facilities,0,389,252,252,0,0,60,0,0,0,0,0,0,0,0,0,0,0,0,0,0,247,0,0
342,10/14/2020 10:00,Youth: State and Local Affected Facilities,0,0,0,0,0,0,0,0,0,0,0,0,0,0,0,0,5,0,0,0,0,0,0,0
361,10/21/2020 10:00,"Staff: Nursing, Assisted Living, Group Homes Affected Facilities",4,138,623,355,5,0,24,10,33,24,119,29,16,122,0,613,220,38,0,0,3,62,55,8
362,10/21/2020 10:00,"Residents: Nursing, Assisted Living, Group Homes Affected Facilities",0,228,894,397,0,0,19,0,42,42,162,10,7,203,0,662,372,49,0,0,0,80,102,5
363,10/21/2020 10:00,Staff: State and Local Affected Facilities,9,307,67,286,0,0,21,16,0,4,0,0,0,36,0,6,59,0,0,0,0,82,0,0
364,10/21/2020 10:00,Patients: State and Local Affected Facilities,0,0,63,0,0,0,0,72,0,0,0,0,0,41,0,0,28,0,0,0,0,0,0,0
365,10/21/2020 10:00,Inmates: State and Local Affected Facilities,0,390,254,254,0,0,60,0,0,0,0,0,0,0,0,0,0,0,0,0,0,263,0,0
366,10/21/2020 10:00,Youth: State and Local Affected Facilities,0,0,0,0,0,0,0,0,0,0,0,0,0,0,0,0,0,0,0,0,0,0,0,0
415,10/28/2020 10:00,"Staff: Nursing, Assisted Living, Group Homes Affected Facilities",48,201,490,446,0,0,30,34,44,30,118,29,11,131,0,762,276,33,0,0,3,50,59,47
416,10/28/2020 10:00,"Residents: Nursing, Assisted Living, Group Homes Affected Facilities",91,346,688,519,0,0,23,101,30,51,162,10,6,204,0,1039,400,49,0,0,0,70,102,79
417,10/28/2020 10:00,Staff: State and Local Affected Facilities,10,289,44,288,0,0,47,17,0,4,0,1,0,8,0,8,60,0,0,0,0,85,7,15
418,10/28/2020 10:00,Patients: State and Local Affected Facilities,0,0,46,0,0,0,7,87,0,0,0,0,0,3,0,0,28,0,0,0,0,0,0,1
419,10/28/2020 10:00,Inmates: State and Local Affected Facilities,0,394,260,260,0,0,60,0,0,0,0,0,0,0,0,0,0,0,0,0,0,273,0,0
420,10/28/2020 10:00,Youth: State and Local Affected Facilities,0,0,0,0,0,0,0,0,0,0,0,0,0,0,0,0,0,0,0,0,0,0,0,0
439,11/4/2020 10:00,"Staff: Nursing, Assisted Living, Group Homes Affected Facilities",53,267,815,527,6,0,50,36,45,35,93,25,15,113,0,721,340,33,0,0,0,56,59,56
440,11/4/2020 10:00,"Residents: Nursing, Assisted Living, Group Homes Affected Facilities",101,368,1098,682,1,0,72,101,32,60,128,10,6,104,0,1008,468,49,0,0,0,76,102,82
441,11/4/2020 10:00,Staff: State and Local Affected Facilities,25,294,44,330,0,0,47,23,0,7,0,1,0,45,0,6,63,0,0,0,1,101,9,16
442,11/4/2020 10:00,Patients: State and Local Affected Facilities,0,3,46,3,0,0,7,92,0,0,0,0,0,44,0,0,28,0,0,0,1,0,0,1
443,11/4/2020 10:00,Inmates: State and Local Affected Facilities,0,398,261,261,0,0,60,0,0,0,0,0,0,0,0,0,0,0,0,0,0,282,0,0
444,11/4/2020 10:00,Youth: State and Local Affected Facilities,0,0,0,0,0,0,0,0,0,0,0,0,0,0,0,0,6,0,0,0,0,0,0,0
469,11/11/2020 10:00,"Staff: Nursing, Assisted Living, Group Homes Affected Facilities",97,334,807,610,7,0,26,50,46,38,15,25,28,177,0,710,391,0,0,0,0,69,62,36
470,11/11/2020 10:00,"Residents: Nursing, Assisted Living, Group Homes Affected Facilities",186,489,1172,804,4,0,56,105,32,64,20,10,13,203,0,863,580,0,0,0,0,105,103,43
471,11/11/2020 10:00,Staff: State and Local Affected Facilities,27,303,75,331,0,0,48,23,0,7,0,6,0,46,0,6,64,0,0,0,1,104,10,0
472,11/11/2020 10:00,Patients: State and Local Affected Facilities,0,0,63,0,0,0,7,93,0,0,0,0,0,44,0,0,28,0,0,0,1,0,0,0
473,11/11/2020 10:00,Inmates: State and Local Affected Facilities,0,429,267,267,0,0,60,0,0,0,0,0,0,0,0,0,0,0,0,0,0,291,0,0
474,11/11/2020 10:00,Youth: State and Local Affected Facilities,0,0,9,9,0,0,0,0,0,0,0,0,0,0,0,0,7,0,0,0,0,0,0,0
475,11/18/2020 10:00,"Staff: Nursing, Assisted Living, Group Homes Affected Facilities",172,335,1143,811,17,0,83,23,46,39,158,32,77,234,19,943,428,34,0,0,2,129,76,69
476,11/18/2020 10:00,"Residents: Nursing, Assisted Living, Group Homes Affected Facilities",297,513,1688,1029,34,0,122,25,32,65,196,10,107,256,60,1160,673,49,0,0,1,149,121,115
477,11/18/2020 10:00,Staff: State and Local Affected Facilities,56,351,92,368,0,0,50,25,0,7,0,15,0,46,0,8,65,0,0,0,1,122,12,18
478,11/18/2020 10:00,Patients: State and Local Affected Facilities,0,6,88,4,0,0,7,93,0,0,0,0,0,46,0,0,28,0,0,0,1,0,0,1
479,11/18/2020 10:00,Inmates: State and Local Affected Facilities,0,436,284,284,0,0,60,0,0,0,0,0,0,0,0,0,0,0,0,0,0,303,0,0
480,11/18/2020 10:00,Youth: State and Local Affected Facilities,0,0,0,0,0,0,0,0,0,0,0,0,0,0,0,0,7,0,0,0,0,0,0,0
481,11/18/2020 10:00,"Staff: Nursing, Assisted Living, Group Homes Affected Facilities",172,333,1143,811,17,0,83,23,46,39,158,32,77,234,19,944,428,34,0,0,2,129,76,69
482,11/18/2020 10:00,"Residents: Nursing, Assisted Living, Group Homes Affected Facilities",297,515,1688,1029,34,0,122,25,32,65,196,10,107,256,60,1159,673,49,0,0,1,149,121,115
483,11/18/2020 10:00,Staff: State and Local Affected Facilities,56,351,92,368,0,0,50,25,0,7,0,15,0,46,0,8,65,0,0,0,1,122,12,18
484,11/18/2020 10:00,Patients: State and Local Affected Facilities,0,6,88,4,0,0,7,93,0,0,0,0,0,46,0,0,28,0,0,0,1,0,0,1
485,11/18/2020 10:00,Inmates: State and Local Affected Facilities,0,436,284,284,0,0,60,0,0,0,0,0,0,0,0,0,0,0,0,0,0,303,0,0
486,11/18/2020 10:00,Youth: State and Local Affected Facilities,0,0,0,0,0,0,0,0,0,0,0,0,0,0,0,0,7,0,0,0,0,0,0,0
487,11/18/2020 10:00,"Staff: Nursing, Assisted Living, Group Homes Affected Facilities",172,333,1143,811,17,0,83,23,46,39,158,32,77,234,19,944,428,34,0,0,2,129,76,69
488,11/18/2020 10:00,"Residents: Nursing, Assisted Living, Group Homes Affected Facilities",297,515,1688,1029,34,0,122,25,32,65,196,10,107,256,60,1159,673,49,0,0,1,149,121,115
489,11/18/2020 10:00,Staff: State and Local Affected Facilities,56,351,92,368,0,0,50,25,0,7,0,15,0,46,0,8,65,0,0,0,1,122,12,18
490,11/18/2020 10:00,Patients: State and Local Affected Facilities,0,6,88,4,0,0,7,93,0,0,0,0,0,46,0,0,28,0,0,0,1,0,0,1
491,11/18/2020 10:00,Inmates: State and Local Affected Facilities,0,436,284,284,0,0,60,0,0,0,0,0,0,0,0,0,0,0,0,0,0,303,0,0
492,11/18/2020 10:00,Youth: State and Local Affected Facilities,0,0,0,0,0,0,0,0,0,0,0,0,0,0,0,0,7,0,0,0,0,0,0,0
493,11/18/2020 10:00,"Staff: Nursing, Assisted Living, Group Homes Affected Facilities",172,333,1143,811,17,0,83,23,46,39,158,32,77,234,19,944,428,34,0,0,2,129,76,69
494,11/18/2020 10:00,"Residents: Nursing, Assisted Living, Group Homes Affected Facilities",297,515,1688,1029,34,0,122,25,32,65,196,10,107,256,60,1159,673,49,0,0,1,149,121,115
495,11/18/2020 10:00,Staff: State and Local Affected Facilities,56,351,92,368,0,0,50,25,0,7,0,15,0,46,0,8,65,0,0,0,1,122,12,18
496,11/18/2020 10:00,Patients: State and Local Affected Facilities,0,6,88,4,0,0,7,93,0,0,0,0,0,46,0,0,28,0,0,0,1,0,0,1
497,11/18/2020 10:00,Inmates: State and Local Affected Facilities,0,436,284,284,0,0,60,0,0,0,0,0,0,0,0,0,0,0,0,0,0,303,0,0
498,11/18/2020 10:00,Youth: State and Local Affected Facilities,0,0,0,0,0,0,0,0,0,0,0,0,0,0,0,0,7,0,0,0,0,0,0,0
499,11/25/2020 10:00,"Staff: Nursing, Assisted Living, Group Homes Affected Facilities",277,357,1418,934,21,1,95,79,91,40,218,53,145,322,19,1202,525,36,0,0,3,177,80,82
500,11/25/2020 10:00,"Residents: Nursing, Assisted Living, Group Homes Affected Facilities",417,535,1921,1215,42,0,177,163,140,65,229,23,256,370,61,1550,841,49,0,0,1,207,127,117
501,11/25/2020 10:00,Staff: State and Local Affected Facilities,108,363,105,413,0,0,57,26,0,7,11,26,0,49,0,11,66,0,0,0,0,125,13,23
502,11/25/2020 10:00,Patients: State and Local Affected Facilities,0,5,94,5,0,0,7,95,0,0,0,0,0,46,0,0,28,0,0,0,0,0,0,1
503,11/25/2020 10:00,Inmates: State and Local Affected Facilities,0,437,338,338,0,0,60,0,0,0,0,0,0,0,0,0,0,0,0,0,0,305,0,0
504,11/25/2020 10:00,Youth: State and Local Affected Facilities,0,4,0,0,0,0,0,0,0,0,0,0,0,0,0,0,0,0,0,0,0,0,0,0
505,11/25/2020 10:00,"Staff: Nursing, Assisted Living, Group Homes Affected Facilities",277,357,1418,934,21,1,95,79,91,40,218,53,145,322,19,1202,525,36,0,0,3,177,80,82
506,11/25/2020 10:00,"Residents: Nursing, Assisted Living, Group Homes Affected Facilities",417,535,1921,1215,42,0,177,163,140,65,226,23,256,370,61,1550,841,49,0,0,1,207,127,117
507,11/25/2020 10:00,Staff: State and Local Affected Facilities,108,363,105,413,0,0,57,26,0,7,11,26,0,49,0,11,66,0,0,0,0,125,13,23
508,11/25/2020 10:00,Patients: State and Local Affected Facilities,0,5,94,5,0,0,7,95,0,0,0,0,0,46,0,0,28,0,0,0,0,0,0,1
509,11/25/2020 10:00,Inmates: State and Local Affected Facilities,0,437,338,338,0,0,60,0,0,0,0,0,0,0,0,0,0,0,0,0,0,305,0,0
510,11/25/2020 10:00,Youth: State and Local Affected Facilities,0,4,0,0,0,0,0,0,0,0,0,0,0,0,0,0,0,0,0,0,0,0,0,0
511,12/2/2020 10:00,"Staff: Nursing, Assisted Living, Group Homes Affected Facilities",302,300,1529,1044,29,1,136,88,63,42,315,83,148,383,20,1450,502,36,0,0,23,222,81,107
512,12/2/2020 10:00,"Residents: Nursing, Assisted Living, Group Homes Affected Facilities",431,455,2008,1372,42,0,235,177,114,65,359,58,267,408,61,1796,797,50,0,0,15,253,127,149
513,12/2/2020 10:00,Staff: State and Local Affected Facilities,182,374,132,442,0,11,63,26,0,9,11,30,0,59,0,11,78,0,0,0,0,144,19,24
514,12/2/2020 10:00,Patients: State and Local Affected Facilities,0,7,110,5,0,2,11,97,0,0,0,0,0,63,0,0,28,0,0,0,0,1,0,3
515,12/2/2020 10:00,Inmates: State and Local Affected Facilities,0,444,359,359,0,0,60,0,0,0,0,0,0,0,0,0,0,0,0,0,0,156,0,0
516,12/2/2020 10:00,Youth: State and Local Affected Facilities,0,4,0,0,0,0,0,0,0,0,0,1,0,0,0,0,0,0,0,0,0,0,0,0
517,12/2/2020 10:00,"Staff: Nursing, Assisted Living, Group Homes Affected Facilities",302,299,1529,1044,29,1,136,88,63,42,315,83,148,383,20,1450,502,36,0,0,23,222,81,107
518,12/2/2020 10:00,"Residents: Nursing, Assisted Living, Group Homes Affected Facilities",431,455,2008,1372,42,0,235,177,114,65,359,58,267,408,61,1796,797,50,0,0,15,253,127,149
519,12/2/2020 10:00,Staff: State and Local Affected Facilities,182,374,132,442,0,11,63,26,0,9,11,30,0,59,0,11,78,0,0,0,0,144,19,24
520,12/2/2020 10:00,Patients: State and Local Affected Facilities,0,7,110,5,0,2,11,97,0,0,0,0,0,63,0,0,28,0,0,0,0,1,0,3
521,12/2/2020 10:00,Inmates: State and Local Affected Facilities,0,444,359,359,0,0,60,0,0,0,0,0,0,0,0,0,0,0,0,0,0,156,0,0
522,12/2/2020 10:00,Youth: State and Local Affected Facilities,0,4,0,0,0,0,0,0,0,0,0,1,0,0,0,0,0,0,0,0,0,0,0,0
523,12/9/2020 10:00,"Staff: Nursing, Assisted Living, Group Homes Affected Facilities",373,397,1678,1108,37,3,214,102,56,44,374,118,181,418,19,1375,476,38,0,0,27,276,86,108
524,12/9/2020 10:00,"Residents: Nursing, Assisted Living, Group Homes Affected Facilities",506,579,2224,1348,45,0,354,215,57,68,404,112,297,442,61,1702,800,50,0,0,16,332,142,149
525,12/9/2020 10:00,Staff: State and Local Affected Facilities,95,69,139,135,0,11,44,27,0,0,11,40,0,53,0,12,85,0,0,0,0,62,20,24
526,12/9/2020 10:00,Patients: State and Local Affected Facilities,0,7,121,5,0,2,30,98,0,0,0,0,0,44,0,0,28,0,0,0,0,2,8,3
527,12/9/2020 10:00,Inmates: State and Local Affected Facilities,0,16,45,45,0,0,9,0,0,0,0,0,0,0,0,0,0,0,0,0,0,18,0,0
528,12/9/2020 10:00,Youth: State and Local Affected Facilities,0,4,0,0,0,0,0,0,0,0,0,3,0,0,0,0,0,0,0,0,0,0,0,0
529,12/9/2020 10:00,"Staff: Nursing, Assisted Living, Group Homes Affected Facilities",373,397,1678,1108,37,3,214,102,56,44,374,118,181,418,19,1375,476,38,0,0,27,276,86,108
530,12/9/2020 10:00,"Residents: Nursing, Assisted Living, Group Homes Affected Facilities",506,579,2224,1348,45,0,354,215,57,68,404,112,297,442,61,1702,800,50,0,0,16,332,142,149
531,12/9/2020 10:00,Staff: State and Local Affected Facilities,95,69,139,135,0,11,44,27,0,0,11,40,0,53,0,12,85,0,0,0,0,62,20,24
532,12/9/2020 10:00,Patients: State and Local Affected Facilities,0,7,121,5,0,2,30,98,0,0,0,0,0,44,0,0,28,0,0,0,0,2,8,3
533,12/9/2020 10:00,Inmates: State and Local Affected Facilities,0,16,45,45,0,0,9,0,0,0,0,0,0,0,0,0,0,0,0,0,0,18,0,0
534,12/9/2020 10:00,Youth: State and Local Affected Facilities,0,4,0,0,0,0,0,0,0,0,0,3,0,0,0,0,0,0,0,0,0,0,0,0
535,12/16/2020 10:00,"Staff: Nursing, Assisted Living, Group Homes Affected Facilities",364,450,1888,1174,38,3,252,116,83,45,416,119,196,395,28,1705,576,38,0,0,27,362,87,112
536,12/16/2020 10:00,"Residents: Nursing, Assisted Living, Group Homes Affected Facilities",465,621,2407,1468,43,0,473,236,159,75,439,115,307,436,64,2152,969,50,0,0,15,468,143,151
537,12/16/2020 10:00,Staff: State and Local Affected Facilities,106,86,111,131,0,11,55,27,0,9,14,40,0,61,2,15,85,0,0,0,0,76,35,26
538,12/16/2020 10:00,Patients: State and Local Affected Facilities,0,9,111,5,0,2,47,98,0,1,0,0,0,46,0,0,28,0,0,0,0,2,21,16
539,12/16/2020 10:00,Inmates: State and Local Affected Facilities,0,28,49,49,0,0,35,0,0,0,0,0,0,0,0,0,0,0,0,0,0,17,0,0
540,12/16/2020 10:00,Youth: State and Local Affected Facilities,0,0,0,0,0,0,0,0,0,0,0,3,0,0,0,0,0,0,0,0,0,5,0,0
541,12/16/2020 10:00,"Staff: Nursing, Assisted Living, Group Homes Affected Facilities",364,450,1888,1164,38,3,252,116,83,45,416,119,196,395,28,1705,576,38,0,0,27,362,87,112
542,12/16/2020 10:00,"Residents: Nursing, Assisted Living, Group Homes Affected Facilities",465,621,2407,1467,43,0,473,236,159,75,439,115,307,436,64,2152,969,50,0,0,15,468,143,151
543,12/16/2020 10:00,Staff: State and Local Affected Facilities,106,86,111,131,0,11,55,27,0,9,14,40,0,61,2,15,85,0,0,0,0,76,35,26
544,12/16/2020 10:00,Patients: State and Local Affected Facilities,0,9,111,5,0,2,47,98,0,1,0,0,0,46,0,0,28,0,0,0,0,2,21,16
545,12/16/2020 10:00,Inmates: State and Local Affected Facilities,0,28,49,49,0,0,35,0,0,0,0,0,0,0,0,0,0,0,0,0,0,17,0,0
546,12/16/2020 10:00,Youth: State and Local Affected Facilities,0,0,0,0,0,0,0,0,0,0,0,3,0,0,0,0,0,0,0,0,0,5,0,0
547,12/16/2020 10:00,"Staff: Nursing, Assisted Living, Group Homes Affected Facilities",364,450,1888,1164,38,3,252,116,83,45,416,119,196,395,28,1705,576,38,0,0,27,362,87,112
548,12/16/2020 10:00,"Residents: Nursing, Assisted Living, Group Homes Affected Facilities",465,621,2407,1467,43,0,473,236,159,75,439,115,307,436,64,2152,969,50,0,0,15,468,143,151
549,12/16/2020 10:00,Staff: State and Local Affected Facilities,266,338,111,431,0,11,76,27,0,9,14,40,0,61,2,15,85,0,0,0,0,196,35,26
550,12/16/2020 10:00,Patients: State and Local Affected Facilities,0,9,111,5,0,2,47,98,0,1,0,0,0,46,0,0,28,0,0,0,0,2,21,16
551,12/16/2020 10:00,Inmates: State and Local Affected Facilities,0,425,412,412,0,0,101,0,0,0,0,0,0,0,0,0,0,0,0,0,0,347,0,0
552,12/16/2020 10:00,Youth: State and Local Affected Facilities,0,0,0,0,0,0,0,0,0,0,0,3,0,0,0,0,0,0,0,0,0,5,0,0
553,12/16/2020 10:00,"Staff: Nursing, Assisted Living, Group Homes Affected Facilities",364,450,1888,1164,38,3,252,116,83,45,416,119,196,395,28,1705,576,38,0,0,27,362,87,112
554,12/16/2020 10:00,"Residents: Nursing, Assisted Living, Group Homes Affected Facilities",465,621,2407,1467,43,0,473,236,159,75,439,115,307,436,64,2152,969,50,0,0,15,468,143,151
555,12/16/2020 10:00,Staff: State and Local Affected Facilities,266,338,111,431,0,11,76,27,0,9,14,40,0,61,2,15,85,0,0,0,0,196,35,26
556,12/16/2020 10:00,Patients: State and Local Affected Facilities,0,9,111,5,0,2,47,98,0,1,0,0,0,46,0,0,28,0,0,0,0,2,21,16
557,12/16/2020 10:00,Inmates: State and Local Affected Facilities,0,425,412,412,0,0,101,0,0,0,0,0,0,0,0,0,0,0,0,0,0,347,0,0
558,12/16/2020 10:00,Youth: State and Local Affected Facilities,0,0,0,0,0,0,0,0,0,0,0,3,0,0,0,0,0,0,0,0,0,5,0,0
559,12/16/2020 10:00,"Staff: Nursing, Assisted Living, Group Homes Affected Facilities",364,450,1888,1164,38,3,252,116,83,45,416,119,196,395,28,1705,576,38,0,0,27,362,87,112
560,12/16/2020 10:00,"Residents: Nursing, Assisted Living, Group Homes Affected Facilities",465,621,2407,1467,43,0,473,236,159,75,439,115,307,436,64,2152,969,50,0,0,15,468,143,151
561,12/16/2020 10:00,Staff: State and Local Affected Facilities,266,338,111,431,0,11,76,27,0,9,14,40,0,61,2,15,85,0,0,0,0,196,35,26
562,12/16/2020 10:00,Patients: State and Local Affected Facilities,0,9,111,5,0,2,47,98,0,1,0,0,0,46,0,0,28,0,0,0,0,2,21,16
563,12/16/2020 10:00,Inmates: State and Local Affected Facilities,0,425,412,412,0,0,101,0,0,0,0,0,0,0,0,0,0,0,0,0,0,347,0,0
564,12/16/2020 10:00,Youth: State and Local Affected Facilities,0,0,0,0,0,0,0,0,0,0,0,3,0,0,0,0,0,0,0,0,0,5,0,0
589,12/23/2020 10:00,"Staff: Nursing, Assisted Living, Group Homes Affected Facilities",404,488,2010,1201,42,5,259,147,93,56,359,137,212,420,48,1797,591,39,0,0,34,448,96,119
590,12/23/2020 10:00,"Residents: Nursing, Assisted Living, Group Homes Affected Facilities",472,661,2516,1468,50,1,518,281,159,80,365,129,340,422,126,2230,968,50,0,0,24,582,150,167
591,12/23/2020 10:00,Staff: State and Local Affected Facilities,277,347,185,462,0,11,87,27,0,9,14,40,0,81,2,10,94,0,0,0,0,224,40,42
592,12/23/2020 10:00,Patients: State and Local Affected Facilities,0,9,163,5,0,2,54,101,0,1,0,0,0,64,0,0,34,0,0,0,0,2,21,30
593,12/23/2020 10:00,Inmates: State and Local Affected Facilities,0,459,449,449,0,0,113,0,0,0,0,0,0,0,0,0,0,0,0,0,0,369,0,0
594,12/23/2020 10:00,Youth: State and Local Affected Facilities,0,0,10,10,0,0,0,0,0,0,0,0,0,0,0,2,0,0,0,0,0,8,0,0
601,12/30/2020 10:00,"Staff: Nursing, Assisted Living, Group Homes Affected Facilities",406,437,2038,1098,40,15,280,146,113,37,461,172,250,439,56,1668,633,41,0,0,41,432,104,91
602,12/30/2020 10:00,"Residents: Nursing, Assisted Living, Group Homes Affected Facilities",475,592,2496,1322,67,2,542,280,165,59,492,134,374,428,130,2156,1039,51,0,0,34,533,171,136
603,12/30/2020 10:00,Staff: State and Local Affected Facilities,299,372,196,492,0,11,90,27,0,9,14,27,0,85,0,16,94,0,0,0,0,299,41,49
604,12/30/2020 10:00,Patients: State and Local Affected Facilities,0,11,180,5,0,2,54,101,0,1,0,0,0,64,0,0,34,0,0,0,0,12,21,36
605,12/30/2020 10:00,Inmates: State and Local Affected Facilities,0,378,486,486,0,0,113,0,0,0,0,0,0,0,0,0,0,0,0,0,0,430,0,0
606,12/30/2020 10:00,Youth: State and Local Affected Facilities,0,0,0,0,0,0,0,0,0,0,0,0,0,0,0,2,0,0,0,0,0,9,0,0
607,12/30/2020 10:00,"Staff: Nursing, Assisted Living, Group Homes Affected Facilities",406,437,2038,1098,40,15,280,146,113,37,461,172,250,439,56,1668,633,41,0,0,41,432,104,91
608,12/30/2020 10:00,"Residents: Nursing, Assisted Living, Group Homes Affected Facilities",475,592,2496,1322,67,2,542,280,165,59,492,134,374,428,130,2156,1039,51,0,0,34,533,171,136
609,12/30/2020 10:00,Staff: State and Local Affected Facilities,299,372,196,492,0,11,90,27,0,9,14,27,0,85,0,16,94,0,0,0,0,299,41,49
610,12/30/2020 10:00,Patients: State and Local Affected Facilities,0,11,180,5,0,2,54,101,0,1,0,0,0,64,0,0,34,0,0,0,0,12,21,36
611,12/30/2020 10:00,Inmates: State and Local Affected Facilities,0,378,486,486,0,0,113,0,0,0,0,0,0,0,0,0,0,0,0,0,0,430,0,0
612,12/30/2020 10:00,Youth: State and Local Affected Facilities,0,0,0,0,0,0,0,0,0,0,0,0,0,0,0,2,0,0,0,0,0,9,0,0
613,1/6/2021 10:00,"Staff: Nursing, Assisted Living, Group Homes Affected Facilities",406,565,2114,1189,51,39,299,178,101,62,483,202,210,470,51,1667,723,44,0,0,46,462,111,101
614,1/6/2021 10:00,"Residents: Nursing, Assisted Living, Group Homes Affected Facilities",473,793,2614,1365,63,49,563,316,159,86,508,134,331,459,132,2155,1107,51,0,0,41,555,168,147
615,1/6/2021 10:00,Staff: State and Local Affected Facilities,308,378,204,494,0,11,97,29,0,9,15,42,0,90,3,18,95,0,0,0,0,345,41,49
616,1/6/2021 10:00,Patients: State and Local Affected Facilities,0,11,185,11,0,2,63,106,0,1,5,0,0,64,0,0,34,0,0,0,0,12,21,36
617,1/6/2021 10:00,Inmates: State and Local Affected Facilities,0,572,575,575,0,0,113,0,0,0,0,0,0,0,0,0,0,0,0,0,0,382,0,0
618,1/6/2021 10:00,Youth: State and Local Affected Facilities,0,0,0,0,0,0,0,0,0,0,0,0,0,0,0,2,0,0,0,0,0,9,0,0
619,1/13/2021 10:00,"Staff: Nursing, Assisted Living, Group Homes Affected Facilities",325,492,2238,1401,65,49,338,187,99,65,544,211,208,467,52,1830,915,44,0,0,57,496,130,105
620,1/13/2021 10:00,"Residents: Nursing, Assisted Living, Group Homes Affected Facilities",430,640,2665,1660,72,52,574,324,161,87,555,144,338,444,136,2158,1320,51,0,0,43,606,230,151
621,1/13/2021 10:00,Staff: State and Local Affected Facilities,304,416,211,447,0,11,111,0,0,22,18,24,3,94,3,0,110,0,0,0,0,362,68,49
622,1/13/2021 10:00,Patients: State and Local Affected Facilities,0,14,193,14,0,2,71,0,0,8,13,0,3,64,0,0,35,0,0,0,0,12,26,36
623,1/13/2021 10:00,Inmates: State and Local Affected Facilities,0,581,587,587,0,0,0,0,0,0,0,0,0,0,0,0,0,0,0,0,0,405,0,0
624,1/13/2021 10:00,Youth: State and Local Affected Facilities,0,0,0,0,0,0,0,0,0,0,0,0,0,0,0,0,0,0,0,0,0,0,0,0
625,1/13/2021 10:00,"Staff: Nursing, Assisted Living, Group Homes Affected Facilities",325,492,2238,1401,65,49,338,187,99,65,544,211,208,467,52,1830,915,44,0,0,57,496,130,105
626,1/13/2021 10:00,"Residents: Nursing, Assisted Living, Group Homes Affected Facilities",430,640,2665,1660,72,52,574,324,161,87,555,144,338,444,136,2158,1320,51,0,0,43,606,230,151
627,1/13/2021 10:00,Staff: State and Local Affected Facilities,304,416,211,447,0,11,111,0,0,22,18,24,3,94,3,0,110,0,0,0,0,362,68,49
628,1/13/2021 10:00,Patients: State and Local Affected Facilities,0,14,193,14,0,2,71,0,0,8,13,0,3,64,0,0,35,0,0,0,0,12,26,36
629,1/13/2021 10:00,Inmates: State and Local Affected Facilities,0,581,587,587,0,0,0,0,0,0,0,0,0,0,0,0,0,0,0,0,0,405,0,0
630,1/13/2021 10:00,Youth: State and Local Affected Facilities,0,0,0,0,0,0,0,0,0,0,0,0,0,0,0,0,0,0,0,0,0,0,0,0
631,1/20/2021 10:00,"Staff: Nursing, Assisted Living, Group Homes Affected Facilities",333,539,2258,1379,79,55,326,192,145,42,492,221,196,480,49,1912,968,49,0,0,58,435,153,108
632,1/20/2021 10:00,"Residents: Nursing, Assisted Living, Group Homes Affected Facilities",420,721,2590,1605,121,58,483,333,193,60,500,144,318,462,149,2247,1424,53,0,0,44,527,256,151
633,1/20/2021 10:00,Staff: State and Local Affected Facilities,150,421,138,534,0,11,112,29,0,22,24,24,12,96,0,0,113,0,0,0,0,351,76,49
634,1/20/2021 10:00,Patients: State and Local Affected Facilities,0,14,119,5,0,2,72,108,0,8,14,0,11,70,0,0,35,0,0,0,0,14,26,36
635,1/20/2021 10:00,Inmates: State and Local Affected Facilities,0,681,669,669,0,0,0,0,0,0,0,0,0,0,0,0,0,0,0,0,0,559,0,0
636,1/20/2021 10:00,Youth: State and Local Affected Facilities,0,0,0,0,0,0,0,0,0,0,0,0,0,0,0,0,0,0,0,0,0,0,0,0
637,1/27/2021 10:00,"Staff: Nursing, Assisted Living, Group Homes Affected Facilities",157,597,2129,1247,83,58,346,224,152,69,464,102,241,527,56,2007,837,50,0,0,61,381,141,78
638,1/27/2021 10:00,"Residents: Nursing, Assisted Living, Group Homes Affected Facilities",205,839,2449,1456,128,62,501,393,193,87,490,49,381,502,146,2318,1251,54,0,0,62,451,260,109
639,1/27/2021 10:00,Staff: State and Local Affected Facilities,184,469,141,555,0,11,115,29,0,43,27,24,12,99,0,0,132,0,0,0,0,393,76,50
640,1/27/2021 10:00,Patients: State and Local Affected Facilities,0,90,119,5,0,2,73,114,0,17,12,0,11,93,0,0,35,0,0,0,0,16,26,36
641,1/27/2021 10:00,Inmates: State and Local Affected Facilities,0,662,710,710,0,0,123,0,0,0,0,0,0,0,0,0,0,0,0,0,0,582,0,0
642,1/27/2021 10:00,Youth: State and Local Affected Facilities,0,0,0,0,0,0,0,0,0,0,0,0,0,0,0,0,0,0,0,0,0,0,0,0
643,2/3/2021 10:00,"Staff: Nursing, Assisted Living, Group Homes Affected Facilities",143,561,2047,1188,85,45,248,221,134,71,462,104,234,488,59,1853,612,51,0,0,64,429,145,74
644,2/3/2021 10:00,"Residents: Nursing, Assisted Living, Group Homes Affected Facilities",220,767,2303,1358,128,21,347,382,177,87,468,56,384,404,148,2156,989,55,0,0,64,517,261,108
645,2/3/2021 10:00,Staff: State and Local Affected Facilities,340,475,217,544,0,0,106,29,0,32,21,0,14,100,0,9,132,0,0,0,0,331,59,50
646,2/3/2021 10:00,Patients: State and Local Affected Facilities,0,90,195,90,0,0,54,116,0,17,0,0,13,93,0,0,35,0,0,0,0,16,21,36
647,2/3/2021 10:00,Inmates: State and Local Affected Facilities,0,668,787,787,0,0,123,0,0,0,0,0,0,0,0,0,0,0,0,0,0,598,0,0
648,2/3/2021 10:00,Youth: State and Local Affected Facilities,0,0,0,0,0,0,0,0,0,0,0,0,0,0,0,0,0,0,0,0,0,0,0,0
649,2/10/2021 10:00,"Staff: Nursing, Assisted Living, Group Homes Affected Facilities",145,549,1881,949,2,45,251,223,27,0,335,91,174,441,0,1277,501,0,0,0,68,331,190,32
650,2/10/2021 10:00,"Residents: Nursing, Assisted Living, Group Homes Affected Facilities",219,861,2180,1025,1,21,334,388,15,0,368,41,217,355,0,1483,726,0,0,0,65,358,296,35
651,2/10/2021 10:00,Staff: State and Local Affected Facilities,344,448,224,554,0,0,75,29,0,0,29,0,14,101,0,9,137,0,0,0,0,317,59,50
652,2/10/2021 10:00,Patients: State and Local Affected Facilities,0,75,197,75,0,0,54,116,0,0,14,0,13,93,0,0,35,0,0,0,0,17,21,36
653,2/10/2021 10:00,Inmates: State and Local Affected Facilities,0,469,806,806,0,0,0,0,0,0,0,0,0,0,0,0,0,0,0,0,0,399,0,0
654,2/10/2021 10:00,Youth: State and Local Affected Facilities,0,0,0,0,0,0,0,0,0,0,0,0,0,0,0,0,0,0,0,0,0,0,0,0
655,2/17/2021 10:00,"Staff: Nursing, Assisted Living, Group Homes Affected Facilities",218,444,1642,823,4,24,152,225,40,0,456,84,172,270,0,1100,498,51,0,0,53,227,189,0
656,2/17/2021 10:00,"Residents: Nursing, Assisted Living, Group Homes Affected Facilities",334,758,1874,897,1,11,248,389,19,0,453,39,203,281,0,1197,824,55,0,0,61,275,296,0
657,2/17/2021 10:00,Staff: State and Local Affected Facilities,163,361,226,417,0,0,0,29,0,0,32,0,0,104,0,20,137,0,0,0,0,355,5,0
658,2/17/2021 10:00,Patients: State and Local Affected Facilities,0,15,197,15,0,0,0,118,0,0,22,0,0,96,0,0,35,0,0,0,0,40,11,0
659,2/17/2021 10:00,Inmates: State and Local Affected Facilities,0,474,831,831,0,0,0,0,0,0,0,0,0,0,0,0,0,0,0,0,0,621,0,0
660,2/17/2021 10:00,Youth: State and Local Affected Facilities,0,0,0,0,0,0,0,0,0,0,0,0,0,0,0,0,0,0,0,0,0,0,0,0
661,2/17/2021 10:00,"Staff: Nursing, Assisted Living, Group Homes Affected Facilities",218,444,1642,823,4,24,152,225,40,0,456,84,172,270,0,1100,498,51,0,0,53,227,189,0
662,2/17/2021 10:00,"Residents: Nursing, Assisted Living, Group Homes Affected Facilities",334,758,1874,897,1,11,248,389,19,0,453,39,203,281,0,1197,824,55,0,0,61,275,296,0
663,2/17/2021 10:00,Staff: State and Local Affected Facilities,163,361,226,417,0,0,0,29,0,0,32,0,0,104,0,20,137,0,0,0,0,355,5,0
664,2/17/2021 10:00,Patients: State and Local Affected Facilities,0,15,197,15,0,0,0,118,0,0,22,0,0,96,0,0,35,0,0,0,0,40,11,0
665,2/17/2021 10:00,Inmates: State and Local Affected Facilities,0,474,831,831,0,0,0,0,0,0,0,0,0,0,0,0,0,0,0,0,0,621,0,0
666,2/17/2021 10:00,Youth: State and Local Affected Facilities,0,0,0,0,0,0,0,0,0,0,0,0,0,0,0,0,0,0,0,0,0,0,0,0
667,2/24/2021 10:00,"Staff: Nursing, Assisted Living, Group Homes Affected Facilities",239,313,1493,857,15,35,111,223,48,0,475,84,83,257,0,1417,492,52,0,0,70,211,183,30
668,2/24/2021 10:00,"Residents: Nursing, Assisted Living, Group Homes Affected Facilities",331,509,1650,945,1,30,185,386,19,0,492,39,84,253,0,1647,822,55,0,0,67,241,288,35
669,2/24/2021 10:00,Staff: State and Local Affected Facilities,152,366,228,581,0,0,0,29,0,0,32,0,0,21,0,11,137,0,0,0,0,204,5,0
670,2/24/2021 10:00,Patients: State and Local Affected Facilities,0,15,197,15,0,0,0,118,0,0,22,0,0,41,0,0,35,0,0,0,0,140,11,0
671,2/24/2021 10:00,Inmates: State and Local Affected Facilities,0,705,556,556,0,0,124,0,0,0,0,0,0,0,0,0,0,0,0,0,0,492,0,0
672,2/24/2021 10:00,Youth: State and Local Affected Facilities,0,0,0,0,0,0,0,0,0,0,0,0,0,0,0,0,0,0,0,0,0,0,0,0
673,2/24/2021 10:00,"Staff: Nursing, Assisted Living, Group Homes Affected Facilities",239,313,1493,857,15,35,111,223,48,0,475,84,83,257,0,1417,492,52,0,0,70,211,183,30
674,2/24/2021 10:00,"Residents: Nursing, Assisted Living, Group Homes Affected Facilities",331,509,1650,945,1,30,185,386,19,0,492,39,84,253,0,1647,822,55,0,0,67,241,288,35
675,2/24/2021 10:00,Staff: State and Local Affected Facilities,152,366,228,581,0,0,0,29,0,0,32,0,0,21,0,11,137,0,0,0,0,204,5,0
676,2/24/2021 10:00,Patients: State and Local Affected Facilities,0,15,197,15,0,0,0,118,0,0,22,0,0,41,0,0,35,0,0,0,0,140,11,0
677,2/24/2021 10:00,Inmates: State and Local Affected Facilities,0,705,556,556,0,0,124,0,0,0,0,0,0,0,0,0,0,0,0,0,0,492,0,0
678,2/24/2021 10:00,Youth: State and Local Affected Facilities,0,0,0,0,0,0,0,0,0,0,0,0,0,0,0,0,0,0,0,0,0,0,0,0
679,2/24/2021 10:00,"Staff: Nursing, Assisted Living, Group Homes Affected Facilities",239,313,1493,857,15,35,111,223,48,0,475,84,83,257,0,1417,492,52,0,0,70,211,183,30
680,2/24/2021 10:00,"Residents: Nursing, Assisted Living, Group Homes Affected Facilities",331,509,1650,945,1,30,185,386,19,0,492,39,84,253,0,1647,822,55,0,0,67,241,288,35
681,2/24/2021 10:00,Staff: State and Local Affected Facilities,152,366,228,581,0,0,0,29,0,0,32,0,0,21,0,11,137,0,0,0,0,204,5,0
682,2/24/2021 10:00,Patients: State and Local Affected Facilities,0,15,197,15,0,0,0,118,0,0,22,0,0,41,0,0,35,0,0,0,0,140,11,0
683,2/24/2021 10:00,Inmates: State and Local Affected Facilities,0,705,556,556,0,0,124,0,0,0,0,0,0,0,0,0,0,0,0,0,0,492,0,0
684,2/24/2021 10:00,Youth: State and Local Affected Facilities,0,0,0,0,0,0,0,0,0,0,0,0,0,0,0,0,0,0,0,0,0,0,0,0
685,3/3/2021 10:00,"Staff: Nursing, Assisted Living, Group Homes Affected Facilities",239,388,1239,791,16,35,106,223,24,0,342,116,28,200,0,977,412,53,0,0,72,251,184,30
686,3/3/2021 10:00,"Residents: Nursing, Assisted Living, Group Homes Affected Facilities",331,555,1315,912,2,26,182,386,11,0,353,91,36,180,0,1145,533,55,0,0,68,218,288,35
687,3/3/2021 10:00,Staff: State and Local Affected Facilities,0,332,151,509,0,0,76,29,0,0,23,0,0,0,0,11,137,0,0,0,0,97,32,0
688,3/3/2021 10:00,Patients: State and Local Affected Facilities,0,0,0,0,0,0,54,119,0,0,0,0,0,0,0,0,35,0,0,0,0,140,33,0
689,3/3/2021 10:00,Inmates: State and Local Affected Facilities,0,732,645,645,0,0,0,0,0,0,0,0,0,0,0,0,0,0,0,0,0,494,0,0
690,3/3/2021 10:00,Youth: State and Local Affected Facilities,0,0,12,12,0,0,0,0,0,0,0,0,0,0,0,0,0,0,0,0,0,0,0,0
691,3/10/2021 10:00,"Staff: Nursing, Assisted Living, Group Homes Affected Facilities",58,416,1203,684,17,35,158,0,25,0,278,116,32,121,0,764,304,53,0,0,72,120,113,30
692,3/10/2021 10:00,"Residents: Nursing, Assisted Living, Group Homes Affected Facilities",42,596,1241,788,2,26,219,0,11,0,304,91,47,96,0,874,374,55,0,0,68,84,188,35
693,3/10/2021 10:00,Staff: State and Local Affected Facilities,12,333,231,484,0,0,108,29,0,0,23,0,0,22,3,13,20,0,0,0,0,21,27,0
694,3/10/2021 10:00,Patients: State and Local Affected Facilities,0,0,0,0,0,0,54,119,0,0,0,0,0,41,1,0,0,0,0,0,0,0,22,0
695,3/10/2021 10:00,Inmates: State and Local Affected Facilities,0,448,753,753,0,0,0,0,0,0,0,0,0,0,0,0,0,0,0,0,0,414,0,0
696,3/10/2021 10:00,Youth: State and Local Affected Facilities,0,0,15,15,0,0,0,0,0,0,0,0,0,0,0,0,0,0,0,0,0,0,0,0
697,3/10/2021 10:00,"Staff: Nursing, Assisted Living, Group Homes Affected Facilities",58,416,1203,684,17,35,158,0,25,0,278,116,32,121,0,844,304,53,0,0,72,120,113,30
698,3/10/2021 10:00,"Residents: Nursing, Assisted Living, Group Homes Affected Facilities",42,596,1241,788,2,26,219,0,11,0,304,91,47,96,0,1052,374,55,0,0,68,84,188,35
699,3/10/2021 10:00,Staff: State and Local Affected Facilities,12,333,231,484,0,0,108,29,0,0,23,0,0,22,3,13,20,0,0,0,0,21,27,0
700,3/10/2021 10:00,Patients: State and Local Affected Facilities,0,0,0,0,0,0,54,119,0,0,0,0,0,41,1,0,0,0,0,0,0,0,22,0
701,3/10/2021 10:00,Inmates: State and Local Affected Facilities,0,448,753,753,0,0,0,0,0,0,0,0,0,0,0,0,0,0,0,0,0,414,0,0
702,3/10/2021 10:00,Youth: State and Local Affected Facilities,0,0,15,15,0,0,0,0,0,0,0,0,0,0,0,0,0,0,0,0,0,0,0,0
703,3/17/2021 11:00,"Staff: Nursing, Assisted Living, Group Homes Affected Facilities",121,330,1078,688,24,63,99,69,61,0,318,85,36,23,0,860,139,0,0,0,0,77,109,0
704,3/17/2021 11:00,"Residents: Nursing, Assisted Living, Group Homes Affected Facilities",165,491,1151,825,55,76,147,136,27,0,332,39,68,23,0,975,162,0,0,0,0,93,168,0
705,3/17/2021 11:00,Staff: State and Local Affected Facilities,160,168,232,574,0,0,110,29,0,0,24,0,14,22,0,13,20,0,0,0,0,176,33,0
706,3/17/2021 11:00,Patients: State and Local Affected Facilities,0,0,198,0,0,0,54,120,0,0,0,0,19,41,0,0,0,0,0,0,0,117,36,0
707,3/17/2021 11:00,Inmates: State and Local Affected Facilities,0,385,584,584,0,0,0,0,0,0,0,0,0,0,0,0,0,0,0,0,0,274,0,0
708,3/17/2021 11:00,Youth: State and Local Affected Facilities,0,0,16,16,0,0,0,0,0,0,0,0,0,0,0,0,0,0,0,0,0,0,0,0
709,3/17/2021 11:00,"Staff: Nursing, Assisted Living, Group Homes Affected Facilities",121,330,1078,688,24,63,99,69,61,0,318,85,36,23,0,860,139,0,0,0,0,77,109,0
710,3/17/2021 11:00,"Residents: Nursing, Assisted Living, Group Homes Affected Facilities",165,491,1151,825,55,76,147,136,27,0,332,39,68,23,0,975,162,0,0,0,0,93,168,0
711,3/17/2021 11:00,Staff: State and Local Affected Facilities,160,168,232,574,0,0,110,29,0,0,24,0,14,22,0,13,20,0,0,0,0,176,33,0
712,3/17/2021 11:00,Patients: State and Local Affected Facilities,0,0,198,0,0,0,54,120,0,0,0,0,19,41,0,0,0,0,0,0,0,117,36,0
713,3/17/2021 11:00,Inmates: State and Local Affected Facilities,0,385,584,584,0,0,0,0,0,0,0,0,0,0,0,0,0,0,0,0,0,274,0,0
714,3/17/2021 11:00,Youth: State and Local Affected Facilities,0,0,16,16,0,0,0,0,0,0,0,0,0,0,0,0,0,0,0,0,0,0,0,0
715,3/17/2021 11:00,"Staff: Nursing, Assisted Living, Group Homes Affected Facilities",121,330,1078,688,24,63,99,69,61,0,318,85,36,23,0,860,139,0,0,0,0,77,109,0
716,3/17/2021 11:00,"Residents: Nursing, Assisted Living, Group Homes Affected Facilities",165,491,1151,825,55,76,147,136,27,0,332,39,68,23,0,975,162,0,0,0,0,93,168,0
717,3/17/2021 11:00,Staff: State and Local Affected Facilities,160,168,232,574,0,0,110,29,0,0,24,0,14,22,0,13,20,0,0,0,0,176,33,0
718,3/17/2021 11:00,Patients: State and Local Affected Facilities,0,0,198,0,0,0,54,120,0,0,0,0,19,41,0,0,0,0,0,0,0,117,36,0
719,3/17/2021 11:00,Inmates: State and Local Affected Facilities,0,385,584,584,0,0,0,0,0,0,0,0,0,0,0,0,0,0,0,0,0,274,0,0
720,3/17/2021 11:00,Youth: State and Local Affected Facilities,0,0,16,16,0,0,0,0,0,0,0,0,0,0,0,0,0,0,0,0,0,0,0,0
721,3/24/2021 11:00,"Staff: Nursing, Assisted Living, Group Homes Affected Facilities",122,324,1012,778,31,63,38,166,39,25,301,85,33,54,25,927,124,0,0,0,0,193,109,0
722,3/24/2021 11:00,"Residents: Nursing, Assisted Living, Group Homes Affected Facilities",165,379,1128,912,64,76,52,300,53,27,340,39,42,44,76,1160,167,0,0,0,0,259,167,0
723,3/24/2021 11:00,Staff: State and Local Affected Facilities,150,253,81,582,0,0,110,29,0,0,24,0,14,22,0,13,141,0,0,0,0,355,32,0
724,3/24/2021 11:00,Patients: State and Local Affected Facilities,0,0,78,0,0,0,54,120,0,0,0,0,19,41,0,0,36,0,0,0,0,0,33,0
725,3/24/2021 11:00,Inmates: State and Local Affected Facilities,0,589,810,810,0,0,0,0,0,0,0,0,0,0,0,0,0,0,0,0,0,275,0,0
726,3/24/2021 11:00,Youth: State and Local Affected Facilities,0,0,18,18,0,0,0,0,0,0,0,0,0,0,0,0,0,0,0,0,0,0,0,0
727,3/31/2021 11:00,"Staff: Nursing, Assisted Living, Group Homes Affected Facilities",119,421,1223,1160,46,0,192,168,52,26,173,85,93,117,25,848,263,0,0,0,0,119,0,43
728,3/31/2021 11:00,"Residents: Nursing, Assisted Living, Group Homes Affected Facilities",220,491,1321,1392,67,0,321,300,58,27,234,39,74,116,76,1096,317,0,0,0,0,130,0,46
729,3/31/2021 11:00,Staff: State and Local Affected Facilities,321,278,236,563,0,0,92,29,0,33,24,0,0,22,0,14,23,0,0,0,0,277,5,52
730,3/31/2021 11:00,Patients: State and Local Affected Facilities,0,16,199,16,0,0,75,120,0,17,0,0,0,42,0,0,0,0,0,0,0,0,11,36
731,3/31/2021 11:00,Inmates: State and Local Affected Facilities,0,590,776,776,0,0,0,0,0,0,0,0,0,0,0,0,0,0,0,0,0,0,0,0
732,3/31/2021 11:00,Youth: State and Local Affected Facilities,0,0,0,0,0,0,0,0,0,0,0,0,0,0,0,0,0,0,0,0,0,10,0,0
733,4/7/2021 11:00,"Staff: Nursing, Assisted Living, Group Homes Affected Facilities",146,294,1735,1187,43,30,256,71,88,30,210,85,97,135,62,661,180,0,0,0,0,52,0,0
734,4/7/2021 11:00,"Residents: Nursing, Assisted Living, Group Homes Affected Facilities",254,344,1756,1375,66,51,416,136,80,27,253,39,75,149,149,833,242,1,0,0,0,38,0,0
735,4/7/2021 11:00,Staff: State and Local Affected Facilities,322,368,235,567,0,0,93,29,0,33,24,0,0,22,4,15,23,0,0,0,0,210,18,52
736,4/7/2021 11:00,Patients: State and Local Affected Facilities,0,17,199,17,0,0,78,120,0,17,0,0,0,42,3,0,0,0,0,0,0,0,37,38
737,4/7/2021 11:00,Inmates: State and Local Affected Facilities,0,356,794,794,0,0,0,0,0,0,0,0,0,0,0,0,0,0,0,0,0,226,0,0
738,4/7/2021 11:00,Youth: State and Local Affected Facilities,0,0,0,0,0,0,0,0,0,0,0,0,0,0,0,0,10,0,0,0,0,0,0,0
739,4/14/2021 11:00,"Staff: Nursing, Assisted Living, Group Homes Affected Facilities",208,291,1536,907,29,30,198,173,85,31,388,0,177,216,0,876,181,0,0,0,0,180,0,0
740,4/14/2021 11:00,"Residents: Nursing, Assisted Living, Group Homes Affected Facilities",303,362,1520,1063,63,51,244,305,86,27,376,0,163,196,0,874,242,1,0,0,0,274,0,0
741,4/14/2021 11:00,Staff: State and Local Affected Facilities,342,445,241,663,0,0,94,32,0,0,26,0,14,22,4,15,24,0,0,0,0,211,18,53
742,4/14/2021 11:00,Patients: State and Local Affected Facilities,0,17,199,5,0,0,79,132,0,0,0,0,30,42,3,0,0,0,0,0,0,0,37,38
743,4/14/2021 11:00,Inmates: State and Local Affected Facilities,0,0,582,582,0,0,0,0,0,0,0,0,0,0,0,0,0,0,0,0,0,275,0,0
744,4/14/2021 11:00,Youth: State and Local Affected Facilities,0,0,0,0,0,0,0,0,0,0,0,0,0,0,0,0,0,0,0,0,0,0,0,0
745,4/14/2021 11:00,"Staff: Nursing, Assisted Living, Group Homes Affected Facilities",208,291,1536,907,29,30,198,173,85,31,388,0,177,216,0,876,181,0,0,0,0,180,0,0
746,4/14/2021 11:00,"Residents: Nursing, Assisted Living, Group Homes Affected Facilities",303,362,1520,1063,63,51,244,305,86,27,376,0,163,196,0,874,242,1,0,0,0,274,0,0
747,4/14/2021 11:00,Staff: State and Local Affected Facilities,342,445,241,663,0,0,94,32,0,0,26,0,14,22,4,15,24,0,0,0,0,211,18,53
748,4/14/2021 11:00,Patients: State and Local Affected Facilities,0,17,199,5,0,0,79,132,0,0,0,0,30,42,3,0,0,0,0,0,0,0,37,38
749,4/14/2021 11:00,Inmates: State and Local Affected Facilities,0,0,582,582,0,0,0,0,0,0,0,0,0,0,0,0,0,0,0,0,0,275,0,0
750,4/14/2021 11:00,Youth: State and Local Affected Facilities,0,0,0,0,0,0,0,0,0,0,0,0,0,0,0,0,0,0,0,0,0,0,0,0
751,4/21/2020 11:00,"Staff: Nursing, Assisted Living, Group Homes Affected Facilities",208,283,1656,1063,30,2,169,234,55,79,314,0,206,305,0,966,142,0,0,0,0,325,0,0
752,4/21/2020 11:00,"Residents: Nursing, Assisted Living, Group Homes Affected Facilities",304,418,1767,1141,63,1,175,410,40,87,294,0,377,220,0,1020,151,0,0,0,0,413,0,0
753,4/21/2020 11:00,Staff: State and Local Affected Facilities,355,459,243,681,0,0,116,32,0,34,27,0,0,22,0,16,25,0,0,0,0,53,18,53
754,4/21/2020 11:00,Patients: State and Local Affected Facilities,0,77,202,5,0,0,54,164,0,17,0,0,0,42,0,0,0,0,0,0,0,0,37,38
755,4/21/2020 11:00,Inmates: State and Local Affected Facilities,0,96,1001,1001,0,0,0,0,0,0,0,0,0,0,0,0,0,0,0,0,0,275,0,0
756,4/21/2020 11:00,Youth: State and Local Affected Facilities,0,0,0,0,0,0,0,0,0,0,0,1,0,0,0,0,0,0,0,0,0,0,0,0
757,4/28/2021 11:00,"Staff: Nursing, Assisted Living, Group Homes Affected Facilities",193,182,1634,1143,30,2,157,161,62,49,338,0,210,246,0,679,143,0,0,0,0,203,110,0
758,4/28/2021 11:00,"Residents: Nursing, Assisted Living, Group Homes Affected Facilities",268,275,1845,1151,63,1,216,274,117,60,310,0,377,206,0,634,151,0,0,0,0,178,167,0
759,4/28/2021 11:00,Staff: State and Local Affected Facilities,366,462,244,630,0,0,119,34,0,34,28,30,16,22,0,26,25,0,0,0,0,229,0,0
760,4/28/2021 11:00,Patients: State and Local Affected Facilities,0,77,202,77,0,0,54,172,0,17,0,0,28,42,0,0,0,0,0,0,0,0,0,0
761,4/28/2021 11:00,Inmates: State and Local Affected Facilities,0,96,711,711,0,0,0,0,0,0,0,0,0,0,0,0,0,0,0,0,0,0,0,0
762,4/28/2021 11:00,Youth: State and Local Affected Facilities,0,0,0,0,0,0,0,0,0,0,0,0,0,0,0,0,0,0,0,0,0,11,0,0
763,4/28/2021 11:00,"Staff: Nursing, Assisted Living, Group Homes Affected Facilities",193,182,1634,1143,30,2,157,161,62,49,338,0,210,246,0,679,143,0,0,0,0,203,110,0
764,4/28/2021 11:00,"Residents: Nursing, Assisted Living, Group Homes Affected Facilities",268,275,1845,1151,63,1,216,274,117,60,310,0,377,206,0,634,151,0,0,0,0,178,167,0
765,4/28/2021 11:00,Staff: State and Local Affected Facilities,366,462,244,630,0,0,119,34,0,34,28,30,16,22,0,26,25,0,0,0,0,229,0,0
766,4/28/2021 11:00,Patients: State and Local Affected Facilities,0,77,202,77,0,0,54,172,0,17,0,0,28,42,0,0,0,0,0,0,0,0,0,0
767,4/28/2021 11:00,Inmates: State and Local Affected Facilities,0,96,711,711,0,0,0,0,0,0,0,0,0,0,0,0,0,0,0,0,0,0,0,0
768,4/28/2021 11:00,Youth: State and Local Affected Facilities,0,0,0,0,0,0,0,0,0,0,0,0,0,0,0,0,0,0,0,0,0,11,0,0
769,5/5/2021 11:00,"Staff: Nursing, Assisted Living, Group Homes Affected Facilities",127,347,1484,920,30,32,107,245,101,51,83,0,120,240,0,629,144,0,0,0,0,122,112,57
770,5/5/2021 11:00,"Residents: Nursing, Assisted Living, Group Homes Affected Facilities",141,560,1610,945,64,51,84,413,164,62,58,0,265,197,0,674,151,0,0,0,0,84,167,62
771,5/5/2021 11:00,Staff: State and Local Affected Facilities,339,416,246,575,0,0,121,34,0,0,28,30,0,22,0,27,25,0,0,0,0,230,0,0
772,5/5/2021 11:00,Patients: State and Local Affected Facilities,0,96,202,6,0,0,54,172,0,0,0,0,0,42,0,0,0,0,0,0,0,0,0,0
773,5/5/2021 11:00,Inmates: State and Local Affected Facilities,0,0,476,476,0,0,0,0,0,0,0,0,0,0,0,0,0,0,0,0,0,0,0,0
774,5/5/2021 11:00,Youth: State and Local Affected Facilities,0,0,0,0,0,0,0,0,0,0,0,0,0,0,0,3,0,0,0,0,0,0,0,0
775,5/5/2021 11:00,"Staff: Nursing, Assisted Living, Group Homes Affected Facilities",127,347,1484,920,30,32,107,245,101,51,83,0,120,240,0,629,144,0,0,0,0,122,112,57
776,5/5/2021 11:00,"Residents: Nursing, Assisted Living, Group Homes Affected Facilities",141,560,1610,945,64,51,84,413,164,62,58,0,265,197,0,674,151,0,0,0,0,84,167,62
777,5/5/2021 11:00,Staff: State and Local Affected Facilities,339,416,246,575,0,0,121,34,0,0,28,30,0,22,0,27,25,0,0,0,0,230,0,0
778,5/5/2021 11:00,Patients: State and Local Affected Facilities,0,96,202,6,0,0,54,172,0,0,0,0,0,42,0,0,0,0,0,0,0,0,0,0
779,5/5/2021 11:00,Inmates: State and Local Affected Facilities,0,0,476,476,0,0,0,0,0,0,0,0,0,0,0,0,0,0,0,0,0,0,0,0
780,5/5/2021 11:00,Youth: State and Local Affected Facilities,0,0,0,0,0,0,0,0,0,0,0,0,0,0,0,3,0,0,0,0,0,0,0,0
781,5/13/2021 11:00,"Staff: Nursing, Assisted Living, Group Homes Affected Facilities",127,244,1451,1034,31,90,103,245,91,83,48,213,167,275,0,456,144,0,0,0,0,67,142,57
782,5/13/2021 11:00,"Residents: Nursing, Assisted Living, Group Homes Affected Facilities",141,375,1496,1185,64,87,115,413,156,89,20,134,255,241,0,481,151,0,0,0,0,108,215,63
783,5/13/2021 11:00,Staff: State and Local Affected Facilities,187,510,91,579,0,0,126,0,0,0,28,0,0,1,0,30,26,0,0,0,0,71,15,0
784,5/13/2021 11:00,Patients: State and Local Affected Facilities,0,0,83,6,0,0,54,0,0,0,0,0,0,1,0,0,0,0,0,0,0,0,0,0
785,5/13/2021 11:00,Inmates: State and Local Affected Facilities,0,357,589,589,0,0,0,0,0,0,0,0,0,0,0,0,0,0,0,0,0,0,0,0
786,5/13/2021 11:00,Youth: State and Local Affected Facilities,0,0,0,0,0,0,0,0,0,0,0,0,0,0,0,3,0,0,0,0,0,0,0,0
787,5/19/2021 11:00,"Staff: Nursing, Assisted Living, Group Homes Affected Facilities",0,48,907,866,32,61,103,0,31,32,0,0,178,232,0,365,144,0,0,0,0,113,142,31
788,5/19/2021 11:00,"Residents: Nursing, Assisted Living, Group Homes Affected Facilities",0,53,963,948,64,37,115,0,46,27,0,0,279,302,0,431,151,0,0,0,0,185,215,36
789,5/19/2021 11:00,Staff: State and Local Affected Facilities,188,248,91,368,0,0,91,34,0,35,0,15,16,0,0,21,26,0,0,0,0,161,43,0
790,5/19/2021 11:00,Patients: State and Local Affected Facilities,0,0,84,6,0,0,54,174,0,18,0,0,28,0,0,0,0,0,0,0,0,0,22,0
791,5/19/2021 11:00,Inmates: State and Local Affected Facilities,0,454,255,255,0,0,0,0,0,0,0,0,0,0,0,0,0,0,0,0,0,0,0,0
792,5/19/2021 11:00,Youth: State and Local Affected Facilities,0,0,0,0,0,0,0,0,0,0,0,0,0,0,0,4,0,0,0,0,0,0,0,0
793,5/19/2021 11:00,"Staff: Nursing, Assisted Living, Group Homes Affected Facilities",0,48,907,866,32,61,103,0,0,32,0,0,178,232,0,365,144,0,0,0,0,113,142,31
794,5/19/2021 11:00,"Residents: Nursing, Assisted Living, Group Homes Affected Facilities",0,53,963,948,64,37,115,0,0,27,0,0,279,302,0,431,151,0,0,0,0,185,215,36
795,5/19/2021 11:00,Staff: State and Local Affected Facilities,188,248,91,368,0,0,91,34,0,35,0,15,16,0,0,21,26,0,0,0,0,161,43,0
796,5/19/2021 11:00,Patients: State and Local Affected Facilities,0,0,84,6,0,0,54,174,0,18,0,0,28,0,0,0,0,0,0,0,0,0,22,0
797,5/19/2021 11:00,Inmates: State and Local Affected Facilities,0,454,255,255,0,0,0,0,0,0,0,0,0,0,0,0,0,0,0,0,0,0,0,0
798,5/19/2021 11:00,Youth: State and Local Affected Facilities,0,0,0,0,0,0,0,0,0,0,0,0,0,0,0,4,0,0,0,0,0,0,0,0
799,5/26/2021 11:00,"Staff: Nursing, Assisted Living, Group Homes Affected Facilities",0,129,349,617,80,38,14,79,0,0,0,118,134,108,0,86,204,54,0,0,0,196,0,45
800,5/26/2021 11:00,"Residents: Nursing, Assisted Living, Group Homes Affected Facilities",0,156,376,605,138,26,16,137,0,0,0,91,173,163,0,61,203,55,0,0,0,279,0,73
801,5/26/2021 11:00,Staff: State and Local Affected Facilities,190,203,92,667,0,0,93,34,0,35,0,15,16,0,0,21,26,0,0,0,0,234,85,54
802,5/26/2021 11:00,Patients: State and Local Affected Facilities,0,0,85,6,0,0,54,174,0,18,0,0,28,0,0,0,0,0,0,0,0,0,32,38
803,5/26/2021 11:00,Inmates: State and Local Affected Facilities,0,359,489,489,0,0,0,0,0,0,0,0,0,0,0,0,0,0,0,0,0,0,0,0
804,5/26/2021 11:00,Youth: State and Local Affected Facilities,0,0,0,0,0,0,0,0,0,0,0,0,0,0,0,0,0,0,0,0,0,0,0,0
805,6/2/2021 11:00,"Staff: Nursing, Assisted Living, Group Homes Affected Facilities",0,82,376,492,49,39,84,143,0,0,23,118,18,153,0,102,145,54,0,0,0,150,113,46
806,6/2/2021 11:00,"Residents: Nursing, Assisted Living, Group Homes Affected Facilities",0,52,357,456,74,26,94,225,0,0,33,91,26,220,0,103,152,55,0,0,0,202,167,73
807,6/2/2021 11:00,Staff: State and Local Affected Facilities,168,236,90,105,0,0,93,34,0,0,0,15,16,23,0,21,26,0,0,0,0,162,86,54
808,6/2/2021 11:00,Patients: State and Local Affected Facilities,0,0,88,6,0,0,54,174,0,0,0,0,40,56,0,0,0,0,0,0,0,0,32,39
809,6/2/2021 11:00,Inmates: State and Local Affected Facilities,0,359,337,337,0,0,0,0,0,0,0,0,0,0,0,0,0,0,0,0,0,0,0,0
810,6/2/2021 11:00,Youth: State and Local Affected Facilities,0,0,0,0,0,0,0,0,0,0,0,0,0,0,0,0,0,0,0,0,0,0,0,0
811,6/9/2021 11:00,"Staff: Nursing, Assisted Living, Group Homes Affected Facilities",58,2,179,300,49,0,0,245,0,0,0,0,4,153,0,223,0,0,0,0,0,68,113,1
812,6/9/2021 11:00,"Residents: Nursing, Assisted Living, Group Homes Affected Facilities",42,7,271,244,74,0,0,413,0,0,0,0,2,225,0,252,0,0,0,0,0,108,167,0
813,6/9/2021 11:00,Staff: State and Local Affected Facilities,168,217,90,257,0,0,0,35,0,0,0,0,16,23,0,0,26,0,0,0,0,22,71,54
814,6/9/2021 11:00,Patients: State and Local Affected Facilities,0,0,0,0,0,0,0,177,0,0,0,0,43,56,0,0,0,0,0,0,0,0,32,39
815,6/9/2021 11:00,Inmates: State and Local Affected Facilities,0,0,153,153,0,0,0,0,0,0,0,0,0,0,0,0,0,0,0,0,0,0,0,0
816,6/9/2021 11:00,Youth: State and Local Affected Facilities,0,0,0,0,0,0,0,0,0,0,0,0,0,0,0,0,0,0,0,0,0,0,0,0
817,6/9/2021 11:00,"Staff: Nursing, Assisted Living, Group Homes Affected Facilities",58,2,179,300,49,0,0,245,0,0,0,0,4,153,0,223,0,0,0,0,0,68,113,1
818,6/9/2021 11:00,"Residents: Nursing, Assisted Living, Group Homes Affected Facilities",42,7,271,244,74,0,0,413,0,0,0,0,2,225,0,252,0,0,0,0,0,108,167,0
819,6/9/2021 11:00,Staff: State and Local Affected Facilities,168,217,90,257,0,0,0,35,0,0,0,0,16,23,0,0,26,0,0,0,0,22,71,54
820,6/9/2021 11:00,Patients: State and Local Affected Facilities,0,0,0,0,0,0,0,177,0,0,0,0,43,56,0,0,0,0,0,0,0,0,32,39
821,6/9/2021 11:00,Inmates: State and Local Affected Facilities,0,0,153,153,0,0,0,0,0,0,0,0,0,0,0,0,0,0,0,0,0,0,0,0
822,6/9/2021 11:00,Youth: State and Local Affected Facilities,0,0,0,0,0,0,0,0,0,0,0,0,0,0,0,0,0,0,0,0,0,0,0,0
823,6/16/2021 11:00,"Staff: Nursing, Assisted Living, Group Homes Affected Facilities",128,2,197,58,0,0,0,166,0,0,0,89,0,61,0,188,0,0,0,0,0,0,0,1
824,6/16/2021 11:00,"Residents: Nursing, Assisted Living, Group Homes Affected Facilities",168,7,299,25,0,0,0,275,0,0,0,39,0,133,0,211,0,0,0,0,0,0,0,0
825,6/16/2021 11:00,Staff: State and Local Affected Facilities,298,291,177,177,0,0,0,0,0,0,0,0,0,23,0,0,26,0,0,0,0,22,71,0
826,6/16/2021 11:00,Patients: State and Local Affected Facilities,0,0,0,0,0,0,0,0,0,0,0,0,0,0,0,0,0,0,0,0,0,0,32,0
827,6/16/2021 11:00,Inmates: State and Local Affected Facilities,0,360,0,0,0,0,0,0,0,0,0,0,0,0,0,0,0,0,0,0,0,0,0,0
828,6/16/2021 11:00,Youth: State and Local Affected Facilities,0,0,0,0,0,0,0,0,0,0,0,0,0,0,0,0,0,0,0,0,0,0,0,0
829,6/16/2021 11:00,"Staff: Nursing, Assisted Living, Group Homes Affected Facilities",128,2,197,58,0,0,0,166,0,0,0,89,0,61,0,188,0,0,0,0,0,0,0,1
830,6/16/2021 11:00,"Residents: Nursing, Assisted Living, Group Homes Affected Facilities",168,7,299,25,0,0,0,275,0,0,0,39,0,133,0,211,0,0,0,0,0,0,0,0
831,6/16/2021 11:00,Staff: State and Local Affected Facilities,298,291,177,177,0,0,0,0,0,0,0,0,0,23,0,0,26,0,0,0,0,22,71,0
832,6/16/2021 11:00,Patients: State and Local Affected Facilities,0,0,0,0,0,0,0,0,0,0,0,0,0,0,0,0,0,0,0,0,0,0,32,0
833,6/16/2021 11:00,Inmates: State and Local Affected Facilities,0,360,0,0,0,0,0,0,0,0,0,0,0,0,0,0,0,0,0,0,0,0,0,0
834,6/16/2021 11:00,Youth: State and Local Affected Facilities,0,0,0,0,0,0,0,0,0,0,0,0,0,0,0,0,0,0,0,0,0,0,0,0
835,6/23/2021 11:00,"Staff: Nursing, Assisted Living, Group Homes Affected Facilities",128,2,240,64,0,0,0,101,0,0,65,0,0,61,36,70,0,0,0,0,0,0,0,7
836,6/23/2021 11:00,"Residents: Nursing, Assisted Living, Group Homes Affected Facilities",168,5,258,72,0,0,0,188,0,0,47,0,0,134,73,31,0,0,0,0,0,0,0,2
837,6/23/2021 11:00,Staff: State and Local Affected Facilities,298,276,175,175,0,0,0,0,0,0,0,0,0,23,0,0,26,0,0,0,0,185,29,0
838,6/23/2021 11:00,Patients: State and Local Affected Facilities,0,0,0,0,0,0,0,0,0,0,0,0,0,0,0,0,0,0,0,0,0,0,22,0
839,6/23/2021 11:00,Inmates: State and Local Affected Facilities,0,361,0,0,0,0,0,0,0,0,0,0,0,0,0,0,0,0,0,0,0,0,0,0
840,6/23/2021 11:00,Youth: State and Local Affected Facilities,0,0,0,0,0,0,0,0,0,0,0,0,0,0,0,0,0,0,0,0,0,0,0,0
841,6/23/2021 11:00,"Staff: Nursing, Assisted Living, Group Homes Affected Facilities",128,2,240,64,0,0,0,101,0,0,65,0,0,61,36,70,0,0,0,0,0,0,0,7
842,6/23/2021 11:00,"Residents: Nursing, Assisted Living, Group Homes Affected Facilities",168,5,258,72,0,0,0,188,0,0,47,0,0,134,73,31,0,0,0,0,0,0,0,2
843,6/23/2021 11:00,Staff: State and Local Affected Facilities,298,276,175,175,0,0,0,0,0,0,0,0,0,23,0,0,26,0,0,0,0,185,29,0
844,6/23/2021 11:00,Patients: State and Local Affected Facilities,0,0,0,0,0,0,0,0,0,0,0,0,0,0,0,0,0,0,0,0,0,0,22,0
845,6/23/2021 11:00,Inmates: State and Local Affected Facilities,0,361,0,0,0,0,0,0,0,0,0,0,0,0,0,0,0,0,0,0,0,0,0,0
846,6/23/2021 11:00,Youth: State and Local Affected Facilities,0,0,0,0,0,0,0,0,0,0,0,0,0,0,0,0,0,0,0,0,0,0,0,0
847,6/30/2021 11:00,"Staff: Nursing, Assisted Living, Group Homes Affected Facilities",0,2,12,81,0,0,0,101,0,0,65,0,62,95,0,34,0,0,0,0,0,0,0,7
848,6/30/2021 11:00,"Residents: Nursing, Assisted Living, Group Homes Affected Facilities",0,5,32,98,0,0,0,188,0,0,47,0,44,178,0,17,0,0,0,0,0,0,0,2
849,6/30/2021 11:00,Staff: State and Local Affected Facilities,299,91,0,0,0,0,0,0,0,0,0,0,0,0,0,0,0,0,0,0,0,23,29,0
850,6/30/2021 11:00,Patients: State and Local Affected Facilities,0,0,0,0,0,0,0,0,0,0,0,0,0,0,0,0,0,0,0,0,0,0,0,0
851,6/30/2021 11:00,Inmates: State and Local Affected Facilities,0,361,0,0,0,0,0,0,0,0,0,0,0,0,0,0,0,0,0,0,0,0,0,0
852,6/30/2021 11:00,Youth: State and Local Affected Facilities,0,0,0,0,0,0,0,0,0,0,0,0,0,0,0,0,0,0,0,0,0,0,0,0
853,6/30/2021 11:00,"Staff: Nursing, Assisted Living, Group Homes Affected Facilities",0,2,12,81,0,0,0,101,0,0,65,0,62,95,0,34,0,0,0,0,0,0,0,7
854,6/30/2021 11:00,"Residents: Nursing, Assisted Living, Group Homes Affected Facilities",0,5,32,98,0,0,0,188,0,0,47,0,44,178,0,17,0,0,0,0,0,0,0,2
855,6/30/2021 11:00,Staff: State and Local Affected Facilities,299,91,0,0,0,0,0,0,0,0,0,0,0,0,0,0,0,0,0,0,0,23,29,0
856,6/30/2021 11:00,Patients: State and Local Affected Facilities,0,0,0,0,0,0,0,0,0,0,0,0,0,0,0,0,0,0,0,0,0,0,0,0
857,6/30/2021 11:00,Inmates: State and Local Affected Facilities,0,361,0,0,0,0,0,0,0,0,0,0,0,0,0,0,0,0,0,0,0,0,0,0
858,6/30/2021 11:00,Youth: State and Local Affected Facilities,0,0,0,0,0,0,0,0,0,0,0,0,0,0,0,0,0,0,0,0,0,0,0,0
859,7/7/2021 11:00,"Staff: Nursing, Assisted Living, Group Homes Affected Facilities",0,36,45,17,0,0,0,79,0,0,0,0,108,35,37,0,0,0,0,0,0,0,0,0
860,7/7/2021 11:00,"Residents: Nursing, Assisted Living, Group Homes Affected Facilities",0,29,130,26,0,0,0,138,0,0,0,0,150,44,74,0,0,0,0,0,0,0,0,0
861,7/7/2021 11:00,Staff: State and Local Affected Facilities,168,91,97,94,0,0,0,0,0,0,0,0,0,23,0,0,0,0,0,0,0,23,0,0
862,7/7/2021 11:00,Patients: State and Local Affected Facilities,0,0,0,0,0,0,0,0,0,0,0,0,0,61,0,0,0,0,0,0,0,0,0,0
863,7/7/2021 11:00,Inmates: State and Local Affected Facilities,0,0,0,0,0,0,0,0,0,0,0,0,0,0,0,0,0,0,0,0,0,0,0,0
864,7/7/2021 11:00,Youth: State and Local Affected Facilities,0,0,0,0,0,0,0,0,0,0,0,0,0,0,0,0,0,0,0,0,0,0,0,0
865,7/7/2021 11:00,"Staff: Nursing, Assisted Living, Group Homes Affected Facilities",0,36,45,17,0,0,0,79,0,0,0,0,108,35,37,0,0,0,0,0,0,0,0,0
866,7/7/2021 11:00,"Residents: Nursing, Assisted Living, Group Homes Affected Facilities",0,29,130,26,0,0,0,138,0,0,0,0,150,44,74,0,0,0,0,0,0,0,0,0
867,7/7/2021 11:00,Staff: State and Local Affected Facilities,168,91,97,94,0,0,0,0,0,0,0,0,0,23,0,0,0,0,0,0,0,23,0,0
868,7/7/2021 11:00,Patients: State and Local Affected Facilities,0,0,0,0,0,0,0,0,0,0,0,0,0,61,0,0,0,0,0,0,0,0,0,0
869,7/7/2021 11:00,Inmates: State and Local Affected Facilities,0,0,0,0,0,0,0,0,0,0,0,0,0,0,0,0,0,0,0,0,0,0,0,0
870,7/7/2021 11:00,Youth: State and Local Affected Facilities,0,0,0,0,0,0,0,0,0,0,0,0,0,0,0,0,0,0,0,0,0,0,0,0
871,7/14/2021 11:00,"Staff: Nursing, Assisted Living, Group Homes Affected Facilities",63,36,144,36,33,0,0,182,27,0,100,0,108,0,37,295,0,0,0,0,0,0,0,0
872,7/14/2021 11:00,"Residents: Nursing, Assisted Living, Group Homes Affected Facilities",48,29,250,29,64,0,0,326,9,0,128,0,150,0,75,312,0,0,0,0,0,0,0,0
873,7/14/2021 11:00,Staff: State and Local Affected Facilities,169,91,98,178,0,0,0,0,0,0,0,0,0,23,0,0,0,0,0,0,0,23,0,0
874,7/14/2021 11:00,Patients: State and Local Affected Facilities,0,0,0,0,0,0,0,0,0,0,0,0,0,65,0,0,0,0,0,0,0,0,0,0
875,7/14/2021 11:00,Inmates: State and Local Affected Facilities,0,0,0,0,0,0,0,0,0,0,0,0,0,0,0,0,0,0,0,0,0,0,0,0
876,7/14/2021 11:00,Youth: State and Local Affected Facilities,0,0,0,0,0,0,0,0,0,0,0,0,0,0,0,0,0,0,0,0,0,0,0,0
877,7/21/2021 11:00,"Staff: Nursing, Assisted Living, Group Homes Affected Facilities",63,136,182,144,33,0,0,104,27,0,174,0,46,0,0,295,0,55,0,0,0,0,0,0
878,7/21/2021 11:00,"Residents: Nursing, Assisted Living, Group Homes Affected Facilities",48,202,257,188,64,0,0,188,9,0,159,0,105,0,0,312,0,57,0,0,0,0,0,0
879,7/21/2021 11:00,Staff: State and Local Affected Facilities,169,91,99,84,0,0,0,0,0,0,0,0,0,23,5,0,27,0,0,0,0,23,0,0
880,7/21/2021 11:00,Patients: State and Local Affected Facilities,0,0,0,0,0,0,0,0,0,0,0,0,0,65,3,0,0,0,0,0,0,0,0,0
881,7/21/2021 11:00,Inmates: State and Local Affected Facilities,0,362,655,655,0,0,0,0,0,0,0,0,0,0,0,0,0,0,0,0,0,276,0,0
882,7/21/2021 11:00,Youth: State and Local Affected Facilities,0,0,0,0,0,0,0,0,0,0,0,0,0,0,0,0,0,0,0,0,0,0,0,0
883,7/28/2021 11:00,"Staff: Nursing, Assisted Living, Group Homes Affected Facilities",0,136,186,329,34,0,0,105,27,0,74,4,115,55,0,468,0,55,0,0,0,83,0,8
884,7/28/2021 11:00,"Residents: Nursing, Assisted Living, Group Homes Affected Facilities",0,202,233,496,64,0,0,188,9,0,31,0,192,30,0,484,0,56,0,0,0,94,0,2
885,7/28/2021 11:00,Staff: State and Local Affected Facilities,170,91,99,141,0,0,0,0,0,0,0,20,0,0,5,0,27,0,0,0,0,0,0,55
886,7/28/2021 11:00,Patients: State and Local Affected Facilities,0,0,0,0,0,0,0,0,0,0,0,0,0,0,3,0,0,0,0,0,0,0,0,39
887,7/28/2021 11:00,Inmates: State and Local Affected Facilities,0,0,345,345,0,0,0,0,0,0,0,0,0,0,0,0,0,0,0,0,0,0,0,0
888,7/28/2021 11:00,Youth: State and Local Affected Facilities,0,0,0,0,0,0,0,0,0,0,0,0,0,0,0,0,5,0,0,0,0,0,0,0
889,8/4/2021 11:00,"Staff: Nursing, Assisted Living, Group Homes Affected Facilities",0,119,118,463,34,40,66,105,114,85,0,0,69,191,0,430,0,0,0,0,0,85,116,8
890,8/4/2021 11:00,"Residents: Nursing, Assisted Living, Group Homes Affected Facilities",0,160,194,575,64,31,125,188,165,89,0,0,88,138,0,387,0,0,0,0,0,94,167,2
891,8/4/2021 11:00,Staff: State and Local Affected Facilities,303,91,260,142,0,0,0,0,0,1,0,20,0,0,0,0,28,0,0,0,0,164,64,55
892,8/4/2021 11:00,Patients: State and Local Affected Facilities,0,0,0,0,0,0,0,0,0,2,0,0,0,0,0,0,0,0,0,0,0,0,48,39
893,8/4/2021 11:00,Inmates: State and Local Affected Facilities,0,0,349,349,0,0,0,0,0,0,0,0,0,0,0,0,0,0,0,0,0,0,0,0
894,8/4/2021 11:00,Youth: State and Local Affected Facilities,0,0,9,0,0,0,0,0,0,0,0,0,0,0,0,0,5,0,0,0,0,0,0,0
895,8/11/2021 11:00,"Staff: Nursing, Assisted Living, Group Homes Affected Facilities",0,175,541,639,0,50,68,0,57,86,1,91,121,178,0,603,116,58,0,0,30,165,182,0
896,8/11/2021 11:00,"Residents: Nursing, Assisted Living, Group Homes Affected Facilities",0,234,636,764,0,45,126,0,58,91,0,39,122,130,0,593,170,56,0,0,38,169,241,0
897,8/11/2021 11:00,Staff: State and Local Affected Facilities,313,223,260,444,0,0,13,35,0,3,0,20,0,0,0,0,30,0,0,0,0,350,65,0
898,8/11/2021 11:00,Patients: State and Local Affected Facilities,0,0,260,0,0,0,25,179,0,2,0,0,0,0,0,0,0,0,0,0,0,0,50,0
899,8/11/2021 11:00,Inmates: State and Local Affected Facilities,0,0,544,544,0,0,0,0,0,0,0,0,0,0,0,0,0,0,0,0,0,0,0,0
900,8/11/2021 11:00,Youth: State and Local Affected Facilities,0,0,0,0,0,0,0,0,0,0,0,0,0,0,0,0,0,0,0,0,0,0,3,0
901,8/11/2021 11:00,"Staff: Nursing, Assisted Living, Group Homes Affected Facilities",0,175,541,639,0,50,68,0,57,86,1,91,121,178,0,603,113,58,0,0,30,165,182,0
902,8/11/2021 11:00,"Residents: Nursing, Assisted Living, Group Homes Affected Facilities",0,234,636,764,0,45,126,0,58,91,0,39,122,130,0,593,173,56,0,0,38,169,241,0
903,8/11/2021 11:00,Staff: State and Local Affected Facilities,313,223,260,444,0,0,13,35,0,3,0,20,0,0,0,0,30,0,0,0,0,350,65,0
904,8/11/2021 11:00,Patients: State and Local Affected Facilities,0,0,260,0,0,0,25,179,0,2,0,0,0,0,0,0,0,0,0,0,0,0,50,0
905,8/11/2021 11:00,Inmates: State and Local Affected Facilities,0,0,544,544,0,0,0,0,0,0,0,0,0,0,0,0,0,0,0,0,0,0,0,0
906,8/11/2021 11:00,Youth: State and Local Affected Facilities,0,0,0,0,0,0,0,0,0,0,0,0,0,0,0,0,0,0,0,0,0,0,3,0
907,8/18/2021 11:00,"Staff: Nursing, Assisted Living, Group Homes Affected Facilities",165,190,798,682,0,51,71,186,112,35,104,92,52,144,9,918,355,57,0,0,32,398,197,60
908,8/18/2021 11:00,"Residents: Nursing, Assisted Living, Group Homes Affected Facilities",163,328,771,695,0,48,129,326,172,27,79,39,34,89,0,1068,497,56,0,0,38,509,273,63
909,8/18/2021 11:00,Staff: State and Local Affected Facilities,319,224,262,445,0,0,114,36,0,47,0,0,0,109,0,0,30,0,0,0,0,397,114,56
910,8/18/2021 11:00,Patients: State and Local Affected Facilities,0,0,258,0,0,0,79,184,0,27,0,0,0,122,0,0,0,0,0,0,0,2,79,39
911,8/18/2021 11:00,Inmates: State and Local Affected Facilities,0,0,549,549,0,0,0,0,0,0,0,0,0,0,0,0,0,0,0,0,0,0,0,0
912,8/18/2021 11:00,Youth: State and Local Affected Facilities,0,0,0,0,0,0,0,0,0,0,0,0,0,0,0,0,0,0,0,0,0,0,0,0
913,8/25/2021 11:00,"Staff: Nursing, Assisted Living, Group Homes Affected Facilities",243,148,889,684,103,83,154,192,104,35,290,97,108,41,10,1010,501,0,0,0,64,503,197,105
914,8/25/2021 11:00,"Residents: Nursing, Assisted Living, Group Homes Affected Facilities",265,340,886,729,140,101,243,326,165,27,292,44,93,23,0,1127,649,0,0,0,66,529,273,109
915,8/25/2021 11:00,Staff: State and Local Affected Facilities,357,399,265,446,0,0,101,36,0,53,29,0,0,110,0,0,31,0,0,0,0,405,118,56
916,8/25/2021 11:00,Patients: State and Local Affected Facilities,0,0,258,0,0,0,54,184,0,32,0,0,0,122,0,0,0,0,0,0,0,2,91,39
917,8/25/2021 11:00,Inmates: State and Local Affected Facilities,0,0,555,555,0,0,0,0,0,0,0,0,0,0,0,0,0,0,0,0,0,0,0,0
918,8/25/2021 11:00,Youth: State and Local Affected Facilities,0,0,0,0,0,0,0,0,0,0,0,0,0,0,0,0,11,0,0,0,0,0,0,0
919,8/25/2021 11:00,"Staff: Nursing, Assisted Living, Group Homes Affected Facilities",249,148,889,684,103,83,154,192,104,35,290,97,108,41,10,1010,501,0,0,0,64,503,197,105
920,8/25/2021 11:00,"Residents: Nursing, Assisted Living, Group Homes Affected Facilities",281,340,886,729,140,101,243,326,165,27,292,44,93,23,0,1127,649,0,0,0,66,529,273,109
921,8/25/2021 11:00,Staff: State and Local Affected Facilities,357,399,265,446,0,0,101,36,0,53,29,0,0,110,0,0,31,0,0,0,0,405,118,56
922,8/25/2021 11:00,Patients: State and Local Affected Facilities,0,0,258,0,0,0,54,184,0,32,0,0,0,122,0,0,0,0,0,0,0,2,91,39
923,8/25/2021 11:00,Inmates: State and Local Affected Facilities,0,0,555,555,0,0,0,0,0,0,0,0,0,0,0,0,0,0,0,0,0,0,0,0
924,8/25/2021 11:00,Youth: State and Local Affected Facilities,0,0,0,0,0,0,0,0,0,0,0,0,0,0,0,0,11,0,0,0,0,0,0,0
925,8/25/2021 11:00,"Staff: Nursing, Assisted Living, Group Homes Affected Facilities",249,148,889,684,103,83,154,192,104,35,290,97,108,41,10,1010,501,0,0,0,64,503,197,105
926,8/25/2021 11:00,"Residents: Nursing, Assisted Living, Group Homes Affected Facilities",281,340,886,729,140,101,243,326,165,27,292,44,93,23,0,1127,649,0,0,0,66,529,273,109
927,8/25/2021 11:00,Staff: State and Local Affected Facilities,357,399,265,446,0,0,101,36,0,53,29,0,0,110,0,0,31,0,0,0,0,405,118,56
928,8/25/2021 11:00,Patients: State and Local Affected Facilities,0,0,258,0,0,0,54,184,0,32,0,0,0,122,0,0,0,0,0,0,0,2,91,39
929,8/25/2021 11:00,Inmates: State and Local Affected Facilities,0,0,555,555,0,0,0,0,0,0,0,0,0,0,0,0,0,0,0,0,0,0,0,0
930,8/25/2021 11:00,Youth: State and Local Affected Facilities,0,0,0,0,0,0,0,0,0,0,0,0,0,0,0,0,11,0,0,0,0,0,0,0
931,9/1/2021 11:00,"Staff: Nursing, Assisted Living, Group Homes Affected Facilities",294,228,1023,899,86,83,150,179,74,36,255,103,195,42,10,1078,511,0,0,0,8,356,171,45
932,9/1/2021 11:00,"Residents: Nursing, Assisted Living, Group Homes Affected Facilities",337,348,937,1017,138,101,246,275,76,27,266,44,273,23,0,1175,645,0,0,0,2,394,249,46
933,9/1/2021 11:00,Staff: State and Local Affected Facilities,375,310,269,256,0,0,104,36,0,58,29,0,0,110,0,0,31,0,0,0,0,304,125,56
934,9/1/2021 11:00,Patients: State and Local Affected Facilities,0,0,258,0,0,0,54,191,0,34,0,0,0,121,0,0,0,0,0,0,0,2,92,40
935,9/1/2021 11:00,Inmates: State and Local Affected Facilities,0,0,821,821,0,0,0,0,0,0,0,0,0,0,0,0,0,0,0,0,0,277,0,0
936,9/1/2021 11:00,Youth: State and Local Affected Facilities,0,0,0,0,0,0,0,0,0,0,0,0,0,0,0,0,12,0,0,0,0,0,0,0
937,9/8/2021 11:00,"Staff: Nursing, Assisted Living, Group Homes Affected Facilities",158,266,1042,733,86,79,142,197,126,0,207,130,138,163,0,1054,242,59,0,0,40,457,140,99
938,9/8/2021 11:00,"Residents: Nursing, Assisted Living, Group Homes Affected Facilities",155,425,1054,843,138,96,205,326,185,0,216,96,200,115,0,1064,261,57,0,0,40,472,201,122
939,9/8/2021 11:00,Staff: State and Local Affected Facilities,383,289,103,588,0,0,105,36,0,61,31,21,0,111,0,22,32,2,0,0,0,419,125,57
940,9/8/2021 11:00,Patients: State and Local Affected Facilities,0,0,138,0,0,0,54,191,0,49,0,0,0,122,0,0,0,1,0,0,0,2,92,40
941,9/8/2021 11:00,Inmates: State and Local Affected Facilities,0,0,832,832,0,0,0,0,0,0,0,0,0,0,0,0,0,0,0,0,0,433,0,0
942,9/8/2021 11:00,Youth: State and Local Affected Facilities,0,0,0,24,0,0,0,0,0,0,0,0,0,0,0,0,0,0,0,0,0,0,0,0
943,9/15/2021 11:00,"Staff: Nursing, Assisted Living, Group Homes Affected Facilities",225,213,1324,868,56,35,206,270,155,0,223,126,258,256,0,843,246,65,0,0,54,380,139,100
944,9/15/2021 11:00,"Residents: Nursing, Assisted Living, Group Homes Affected Facilities",242,292,1236,897,66,52,259,419,196,0,201,91,394,210,0,866,260,64,0,0,44,342,198,123
945,9/15/2021 11:00,Staff: State and Local Affected Facilities,392,180,272,539,0,0,106,37,0,59,45,22,0,111,0,23,34,8,0,0,0,314,134,59
946,9/15/2021 11:00,Patients: State and Local Affected Facilities,0,0,259,0,0,0,54,199,0,49,22,0,0,122,0,0,0,3,0,0,0,2,93,40
947,9/15/2021 11:00,Inmates: State and Local Affected Facilities,0,70,646,646,0,0,0,0,0,0,0,0,0,0,0,0,0,0,0,0,0,442,0,0
948,9/15/2021 11:00,Youth: State and Local Affected Facilities,0,0,24,24,0,0,0,0,0,0,0,0,0,0,0,0,0,0,0,0,0,0,0,0
949,9/22/2021 11:00,"Staff: Nursing, Assisted Living, Group Homes Affected Facilities",170,293,1346,988,58,58,235,282,58,37,194,8,169,260,0,745,211,66,0,0,4,271,127,104
950,9/22/2021 11:00,"Residents: Nursing, Assisted Living, Group Homes Affected Facilities",202,451,1345,981,66,58,366,425,37,27,201,0,312,211,0,786,218,71,0,0,0,300,173,123
951,9/22/2021 11:00,Staff: State and Local Affected Facilities,372,353,278,585,0,0,110,0,0,62,59,22,0,111,0,23,34,8,0,0,0,469,138,61
952,9/22/2021 11:00,Patients: State and Local Affected Facilities,0,0,261,6,0,0,54,0,0,58,29,0,0,122,0,0,0,8,0,0,0,2,99,46
953,9/22/2021 11:00,Inmates: State and Local Affected Facilities,0,70,649,649,0,0,0,0,0,0,0,0,0,0,0,0,0,0,0,0,0,451,0,0
954,9/22/2021 11:00,Youth: State and Local Affected Facilities,0,0,26,26,0,0,0,0,0,0,0,0,0,0,0,0,0,0,0,0,0,0,0,0
955,9/29/2021 11:00,"Staff: Nursing, Assisted Living, Group Homes Affected Facilities",362,108,1078,753,19,115,215,277,24,39,171,8,179,131,0,736,264,68,0,0,4,415,127,109
956,9/29/2021 11:00,"Residents: Nursing, Assisted Living, Group Homes Affected Facilities",410,225,1140,839,2,122,341,426,11,27,204,0,318,71,5,781,296,72,0,0,0,370,173,126
957,9/29/2021 11:00,Staff: State and Local Affected Facilities,421,276,279,492,0,0,0,0,0,62,62,35,0,27,0,23,169,8,0,0,0,476,145,62
958,9/29/2021 11:00,Patients: State and Local Affected Facilities,0,0,261,6,0,0,0,0,0,57,31,0,0,65,0,0,52,17,0,0,0,2,122,48
959,9/29/2021 11:00,Inmates: State and Local Affected Facilities,0,70,652,652,0,0,0,0,0,0,0,0,0,0,0,0,0,0,0,0,0,457,0,0
960,9/29/2021 11:00,Youth: State and Local Affected Facilities,0,0,0,0,0,0,0,0,0,0,0,0,0,0,0,0,0,0,0,0,0,0,0,0
961,10/6/2021 11:00,"Staff: Nursing, Assisted Living, Group Homes Affected Facilities",313,85,872,977,0,62,140,211,68,41,456,98,59,25,0,571,210,68,0,0,39,421,127,123
962,10/6/2021 11:00,"Residents: Nursing, Assisted Living, Group Homes Affected Facilities",316,198,1036,934,0,71,208,339,131,27,442,45,114,23,5,597,228,70,0,0,38,387,173,144
963,10/6/2021 11:00,Staff: State and Local Affected Facilities,436,181,280,553,0,0,123,0,0,57,63,35,0,0,0,23,169,8,0,0,0,432,148,65
964,10/6/2021 11:00,Patients: State and Local Affected Facilities,0,0,261,0,0,0,85,0,0,23,44,0,0,0,0,0,52,19,0,0,0,0,123,54
965,10/6/2021 11:00,Inmates: State and Local Affected Facilities,0,433,780,780,0,0,0,0,0,0,0,0,0,0,0,0,0,0,0,0,0,459,0,0
966,10/6/2021 11:00,Youth: State and Local Affected Facilities,0,0,0,0,0,0,0,0,0,0,0,0,0,0,0,0,13,0,0,0,0,0,0,0
967,10/6/2021 11:00,"Staff: Nursing, Assisted Living, Group Homes Affected Facilities",313,85,872,977,0,62,140,211,68,41,407,98,59,25,0,571,210,68,0,0,39,421,127,123
968,10/6/2021 11:00,"Residents: Nursing, Assisted Living, Group Homes Affected Facilities",316,198,1036,934,0,71,208,339,131,27,426,45,114,23,5,597,228,70,0,0,38,387,173,144
969,10/6/2021 11:00,Staff: State and Local Affected Facilities,436,181,280,553,0,0,123,0,0,57,63,35,0,0,0,23,169,8,0,0,0,432,148,65
970,10/6/2021 11:00,Patients: State and Local Affected Facilities,0,0,261,0,0,0,85,0,0,23,44,0,0,0,0,0,52,19,0,0,0,0,123,54
971,10/6/2021 11:00,Inmates: State and Local Affected Facilities,0,433,780,780,0,0,0,0,0,0,0,0,0,0,0,0,0,0,0,0,0,459,0,0
972,10/6/2021 11:00,Youth: State and Local Affected Facilities,0,0,0,0,0,0,0,0,0,0,0,0,0,0,0,0,13,0,0,0,0,0,0,0
973,10/13/2021 11:00,"Staff: Nursing, Assisted Living, Group Homes Affected Facilities",486,263,1116,1021,95,34,217,212,68,41,254,98,127,184,1,867,326,69,0,0,91,508,197,126
974,10/13/2021 11:00,"Residents: Nursing, Assisted Living, Group Homes Affected Facilities",588,411,1359,1004,140,54,212,341,131,27,260,45,160,134,5,921,412,70,0,0,72,555,252,144
975,10/13/2021 11:00,Staff: State and Local Affected Facilities,447,368,107,247,0,0,124,0,0,57,30,0,0,28,0,0,169,8,0,0,0,412,129,65
976,10/13/2021 11:00,Patients: State and Local Affected Facilities,0,104,141,104,0,0,85,0,0,23,44,0,0,65,0,0,52,20,0,0,0,0,123,54
977,10/13/2021 11:00,Inmates: State and Local Affected Facilities,0,364,783,783,0,0,0,0,0,0,0,0,0,0,0,0,0,0,0,0,0,0,0,0
978,10/13/2021 11:00,Youth: State and Local Affected Facilities,0,0,0,0,0,0,0,0,0,0,0,0,0,0,0,0,13,0,0,0,0,0,0,0
979,10/20/2021 11:00,"Staff: Nursing, Assisted Living, Group Homes Affected Facilities",445,136,978,968,95,34,174,211,73,95,226,94,188,160,12,772,398,69,0,0,33,409,199,127
980,10/20/2021 11:00,"Residents: Nursing, Assisted Living, Group Homes Affected Facilities",540,227,1117,960,140,54,228,339,59,98,213,39,259,120,6,828,554,70,0,0,28,508,252,144
981,10/20/2021 11:00,Staff: State and Local Affected Facilities,476,275,175,88,0,0,125,0,0,0,67,0,0,28,0,0,169,0,0,0,0,415,90,0
982,10/20/2021 11:00,Patients: State and Local Affected Facilities,0,104,120,104,0,0,88,0,0,0,45,0,0,65,0,0,52,0,0,0,0,0,102,0
983,10/20/2021 11:00,Inmates: State and Local Affected Facilities,0,365,383,383,0,0,0,0,0,0,0,0,0,0,0,0,0,0,0,0,0,0,0,0
984,10/20/2021 11:00,Youth: State and Local Affected Facilities,0,0,0,0,0,0,0,0,0,0,0,0,0,0,0,6,0,0,0,0,0,0,0,0
985,10/27/2021 11:00,"Staff: Nursing, Assisted Living, Group Homes Affected Facilities",218,216,950,416,51,65,65,215,76,55,228,213,282,66,12,179,271,0,0,0,0,223,199,51
986,10/27/2021 11:00,"Residents: Nursing, Assisted Living, Group Homes Affected Facilities",306,337,1016,419,75,86,80,341,76,77,209,132,392,25,6,169,500,0,0,0,0,264,252,46
987,10/27/2021 11:00,Staff: State and Local Affected Facilities,479,292,285,226,0,0,149,0,0,60,72,25,0,28,0,0,169,0,0,0,0,470,113,0
988,10/27/2021 11:00,Patients: State and Local Affected Facilities,0,134,261,134,0,0,54,0,0,23,45,0,0,65,0,0,52,0,0,0,0,2,103,0
989,10/27/2021 11:00,Inmates: State and Local Affected Facilities,0,0,384,384,0,0,0,0,0,0,0,0,0,0,0,0,0,0,0,0,0,0,0,0
990,10/27/2021 11:00,Youth: State and Local Affected Facilities,0,0,0,0,0,0,0,0,0,0,0,0,0,0,0,0,0,0,0,0,0,0,5,0
991,10/27/2021 11:00,"Staff: Nursing, Assisted Living, Group Homes Affected Facilities",218,216,950,416,51,65,71,215,76,55,228,213,282,66,12,179,271,0,0,0,0,223,199,51
992,10/27/2021 11:00,"Residents: Nursing, Assisted Living, Group Homes Affected Facilities",306,337,1016,419,75,86,85,341,76,77,209,132,392,25,6,169,500,0,0,0,0,264,252,46
993,10/27/2021 11:00,Staff: State and Local Affected Facilities,479,292,285,226,0,0,149,0,0,60,72,25,0,28,0,0,169,0,0,0,0,470,113,0
994,10/27/2021 11:00,Patients: State and Local Affected Facilities,0,134,261,134,0,0,54,0,0,23,45,0,0,65,0,0,52,0,0,0,0,2,103,0
995,10/27/2021 11:00,Inmates: State and Local Affected Facilities,0,0,384,384,0,0,0,0,0,0,0,0,0,0,0,0,0,0,0,0,0,0,0,0
996,10/27/2021 11:00,Youth: State and Local Affected Facilities,0,0,0,0,0,0,0,0,0,0,0,0,0,0,0,0,0,0,0,0,0,0,5,0
997,10/27/2021 11:00,"Staff: Nursing, Assisted Living, Group Homes Affected Facilities",218,216,950,416,51,65,71,215,76,55,228,213,282,66,12,179,271,0,0,0,0,223,199,51
998,10/27/2021 11:00,"Residents: Nursing, Assisted Living, Group Homes Affected Facilities",306,337,1016,419,75,86,85,341,76,77,209,132,392,25,6,169,500,0,0,0,0,264,252,46
999,10/27/2021 11:00,Staff: State and Local Affected Facilities,479,292,285,226,0,0,149,0,0,60,72,25,0,28,0,0,169,0,0,0,0,470,113,0
1000,10/27/2021 11:00,Patients: State and Local Affected Facilities,0,134,261,134,0,0,54,0,0,23,45,0,0,65,0,0,52,0,0,0,0,2,103,0
1001,10/27/2021 11:00,Inmates: State and Local Affected Facilities,0,0,384,384,0,0,0,0,0,0,0,0,0,0,0,0,0,0,0,0,0,0,0,0
1002,10/27/2021 11:00,Youth: State and Local Affected Facilities,0,0,0,0,0,0,0,0,0,0,0,0,0,0,0,0,0,0,0,0,0,0,5,0
1003,11/3/2021 11:00,"Staff: Nursing, Assisted Living, Group Homes Affected Facilities",198,229,1120,499,0,67,89,94,101,56,289,119,288,0,0,367,250,0,0,0,0,276,130,0
1004,11/3/2021 11:00,"Residents: Nursing, Assisted Living, Group Homes Affected Facilities",199,353,1341,530,0,87,111,143,177,81,270,93,393,0,3,277,474,0,0,0,0,315,173,0
1005,11/3/2021 11:00,Staff: State and Local Affected Facilities,553,196,285,268,0,0,149,0,0,60,71,25,0,28,0,0,182,8,0,0,0,481,113,0
1006,11/3/2021 11:00,Patients: State and Local Affected Facilities,0,134,261,134,0,0,54,0,0,23,45,0,0,65,0,0,52,21,0,0,0,2,110,0
1007,11/3/2021 11:00,Inmates: State and Local Affected Facilities,0,367,194,194,0,0,0,0,0,0,0,0,0,0,0,0,0,0,0,0,0,469,0,0
1008,11/3/2021 11:00,Youth: State and Local Affected Facilities,0,13,0,0,0,0,0,0,0,0,0,0,0,0,0,0,0,0,0,0,0,0,5,0
1009,11/3/2021 11:00,"Staff: Nursing, Assisted Living, Group Homes Affected Facilities",198,229,1120,499,0,67,89,94,101,56,193,119,288,0,0,367,250,0,0,0,0,276,130,0
1010,11/3/2021 11:00,"Residents: Nursing, Assisted Living, Group Homes Affected Facilities",199,353,1341,530,0,87,111,143,177,81,222,93,393,0,3,277,474,0,0,0,0,315,173,0
1011,11/3/2021 11:00,Staff: State and Local Affected Facilities,553,196,285,268,0,0,149,0,0,60,71,25,0,28,0,0,182,8,0,0,0,481,113,0
1012,11/3/2021 11:00,Patients: State and Local Affected Facilities,0,134,261,134,0,0,54,0,0,23,45,0,0,65,0,0,52,21,0,0,0,2,110,0
1013,11/3/2021 11:00,Inmates: State and Local Affected Facilities,0,367,194,194,0,0,0,0,0,0,0,0,0,0,0,0,0,0,0,0,0,469,0,0
1014,11/3/2021 11:00,Youth: State and Local Affected Facilities,0,13,0,0,0,0,0,0,0,0,0,0,0,0,0,0,0,0,0,0,0,0,5,0
1015,11/3/2021 11:00,"Staff: Nursing, Assisted Living, Group Homes Affected Facilities",198,229,1120,499,0,67,89,94,101,56,193,119,288,0,0,367,250,0,0,0,0,276,130,0
1016,11/3/2021 11:00,"Residents: Nursing, Assisted Living, Group Homes Affected Facilities",199,353,1341,530,0,87,111,143,177,81,222,93,393,0,3,277,474,0,0,0,0,315,173,0
1017,11/3/2021 11:00,Staff: State and Local Affected Facilities,553,196,285,268,0,0,149,0,0,60,71,25,0,28,0,0,182,8,0,0,0,481,113,0
1018,11/3/2021 11:00,Patients: State and Local Affected Facilities,0,134,261,134,0,0,54,0,0,23,45,0,0,65,0,0,52,21,0,0,0,2,110,0
1019,11/3/2021 11:00,Inmates: State and Local Affected Facilities,0,367,194,194,0,0,0,0,0,0,0,0,0,0,0,0,0,0,0,0,0,469,0,0
1020,11/3/2021 11:00,Youth: State and Local Affected Facilities,0,13,0,0,0,0,0,0,0,0,0,0,0,0,0,0,0,0,0,0,0,0,5,0
1021,11/10/2021 10:00,"Staff: Nursing, Assisted Living, Group Homes Affected Facilities",258,149,1087,681,40,33,101,219,60,101,58,0,196,111,1,247,173,72,0,0,22,183,130,53
1022,11/10/2021 10:00,"Residents: Nursing, Assisted Living, Group Homes Affected Facilities",312,252,1382,685,64,29,123,341,127,108,61,0,318,189,6,172,288,74,0,0,7,172,173,46
1023,11/10/2021 10:00,Staff: State and Local Affected Facilities,534,184,290,268,0,0,0,0,0,61,38,25,0,0,0,24,182,8,0,0,0,520,114,0
1024,11/10/2021 10:00,Patients: State and Local Affected Facilities,0,0,262,0,0,0,0,0,0,23,0,0,0,0,0,0,52,21,0,0,0,2,114,0
1025,11/10/2021 10:00,Inmates: State and Local Affected Facilities,0,367,194,194,0,0,0,0,0,0,0,0,0,0,0,0,0,0,0,0,0,482,0,0
1026,11/10/2021 10:00,Youth: State and Local Affected Facilities,0,0,0,0,0,0,0,0,0,0,0,0,0,0,0,0,14,0,0,0,0,0,0,0
